repository,path,category,subsystem,audit_status,audit_method,relevant_findings,changes_required
server,.dockerignore,first-party-text,repository-infrastructure,inventory-reviewed; final subsystem gate pending,"inventory plus static analysis, compile/lint, and subsystem regression gates",No file-specific defect identified during subsystem audit.,None beyond applicable subsystem gates.
server,.env.example,first-party-text,repository-infrastructure,inventory-reviewed; final subsystem gate pending,"inventory plus static analysis, compile/lint, and subsystem regression gates",No file-specific defect identified during subsystem audit.,None beyond applicable subsystem gates.
server,.gitattributes,first-party-text,repository-infrastructure,inventory-reviewed; final subsystem gate pending,"inventory plus static analysis, compile/lint, and subsystem regression gates",No file-specific defect identified during subsystem audit.,None beyond applicable subsystem gates.
server,.github/workflows/publish-images.yml,first-party-text,repository-infrastructure,inventory-reviewed; final subsystem gate pending,"inventory plus static analysis, compile/lint, and subsystem regression gates",No file-specific defect identified during subsystem audit.,None beyond applicable subsystem gates.
server,.github/workflows/truenas-compose-integration.yml,first-party-text,repository-infrastructure,inventory-reviewed; final subsystem gate pending,"inventory plus static analysis, compile/lint, and subsystem regression gates",No file-specific defect identified during subsystem audit.,None beyond applicable subsystem gates.
server,.gitignore,first-party-text,repository-infrastructure,inventory-reviewed; final subsystem gate pending,"inventory plus static analysis, compile/lint, and subsystem regression gates",No file-specific defect identified during subsystem audit.,None beyond applicable subsystem gates.
server,AGENTS.md,documentation,repository-infrastructure,inventory-reviewed; final subsystem gate pending,"inventory plus instruction, link, safety, and provenance review",No file-specific defect identified during subsystem audit.,None beyond applicable subsystem gates.
server,LICENSE,first-party-text,repository-infrastructure,inventory-reviewed; final subsystem gate pending,"inventory plus static analysis, compile/lint, and subsystem regression gates",No file-specific defect identified during subsystem audit.,None beyond applicable subsystem gates.
server,Makefile,first-party-text,repository-infrastructure,inventory-reviewed; final subsystem gate pending,"inventory plus static analysis, compile/lint, and subsystem regression gates",No file-specific defect identified during subsystem audit.,None beyond applicable subsystem gates.
server,README.md,documentation,repository-infrastructure,inventory-reviewed; final subsystem gate pending,"inventory plus instruction, link, safety, and provenance review",No file-specific defect identified during subsystem audit.,None beyond applicable subsystem gates.
server,backend/alembic.ini,first-party-text,backend-api,inventory-reviewed; final subsystem gate pending,"inventory plus static analysis, compile/lint, and subsystem regression gates",No file-specific defect identified during subsystem audit.,None beyond applicable subsystem gates.
server,backend/alembic/env.py,first-party-text,database-migrations,inventory-reviewed; final subsystem gate pending,"inventory plus static analysis, compile/lint, and subsystem regression gates",No file-specific defect identified during subsystem audit.,None beyond applicable subsystem gates.
server,backend/alembic/script.py.mako,generated-or-special,database-migrations,inventory-reviewed; final subsystem gate pending,"inventory plus static analysis, compile/lint, and subsystem regression gates",No file-specific defect identified during subsystem audit.,None beyond applicable subsystem gates.
server,backend/alembic/versions/20260720_0001_initial.py,first-party-text,database-migrations,inventory-reviewed; final subsystem gate pending,"inventory plus static analysis, compile/lint, and subsystem regression gates",No file-specific defect identified during subsystem audit.,None beyond applicable subsystem gates.
server,backend/alembic/versions/20260720_0001_schema.sql,first-party-text,database-migrations,inventory-reviewed; final subsystem gate pending,"inventory plus static analysis, compile/lint, and subsystem regression gates",No file-specific defect identified during subsystem audit.,None beyond applicable subsystem gates.
server,backend/alembic/versions/20260720_0002_dashboard_corrections.py,first-party-text,database-migrations,inventory-reviewed; final subsystem gate pending,"inventory plus static analysis, compile/lint, and subsystem regression gates",No file-specific defect identified during subsystem audit.,None beyond applicable subsystem gates.
server,backend/alembic/versions/20260720_0003_weekly_rates.py,first-party-text,database-migrations,inventory-reviewed; final subsystem gate pending,"inventory plus static analysis, compile/lint, and subsystem regression gates",No file-specific defect identified during subsystem audit.,None beyond applicable subsystem gates.
server,backend/alembic/versions/20260720_0004_managed_rate_sources.py,first-party-text,database-migrations,inventory-reviewed; final subsystem gate pending,"inventory plus static analysis, compile/lint, and subsystem regression gates",No file-specific defect identified during subsystem audit.,None beyond applicable subsystem gates.
server,backend/alembic/versions/20260720_0005_user_access_interface_text.py,first-party-text,database-migrations,inventory-reviewed; final subsystem gate pending,"inventory plus static analysis, compile/lint, and subsystem regression gates",No file-specific defect identified during subsystem audit.,None beyond applicable subsystem gates.
server,backend/alembic/versions/20260720_0006_status_indicators_layout.py,first-party-text,database-migrations,inventory-reviewed; final subsystem gate pending,"inventory plus static analysis, compile/lint, and subsystem regression gates",No file-specific defect identified during subsystem audit.,None beyond applicable subsystem gates.
server,backend/alembic/versions/20260721_0007_dashboard_information_architecture.py,first-party-text,database-migrations,inventory-reviewed; final subsystem gate pending,"inventory plus static analysis, compile/lint, and subsystem regression gates",No file-specific defect identified during subsystem audit.,None beyond applicable subsystem gates.
server,backend/alembic/versions/20260721_0008_utility_accounts_network_policy.py,first-party-text,database-migrations,inventory-reviewed; final subsystem gate pending,"inventory plus static analysis, compile/lint, and subsystem regression gates",No file-specific defect identified during subsystem audit.,None beyond applicable subsystem gates.
server,backend/alembic/versions/20260723_0009_tiered_hybrid_rates.py,first-party-text,database-migrations,inventory-reviewed; final subsystem gate pending,"inventory plus static analysis, compile/lint, and subsystem regression gates",No file-specific defect identified during subsystem audit.,None beyond applicable subsystem gates.
server,backend/alembic/versions/20260724_0010_utility_bill_imports.py,first-party-text,database-migrations,inventory-reviewed; final subsystem gate pending,"inventory plus static analysis, compile/lint, and subsystem regression gates",No file-specific defect identified during subsystem audit.,None beyond applicable subsystem gates.
server,backend/alembic/versions/20260724_0011_user_lifecycle_cleanup.py,first-party-text,database-migrations,inventory-reviewed; final subsystem gate pending,"inventory plus static analysis, compile/lint, and subsystem regression gates",No file-specific defect identified during subsystem audit.,None beyond applicable subsystem gates.
server,backend/alembic/versions/20260724_0012_modern_workspaces_site_lifecycle.py,first-party-text,database-migrations,inventory-reviewed; final subsystem gate pending,"inventory plus static analysis, compile/lint, and subsystem regression gates",No file-specific defect identified during subsystem audit.,None beyond applicable subsystem gates.
server,backend/alembic/versions/20260724_0013_bill_import_context_stabilization.py,first-party-text,database-migrations,inventory-reviewed; final subsystem gate pending,"inventory plus static analysis, compile/lint, and subsystem regression gates",No file-specific defect identified during subsystem audit.,None beyond applicable subsystem gates.
server,backend/alembic/versions/20260724_0014_strict_sce_parser_rate_plan_lifecycle.py,first-party-text,database-migrations,inventory-reviewed; final subsystem gate pending,"inventory plus static analysis, compile/lint, and subsystem regression gates",No file-specific defect identified during subsystem audit.,None beyond applicable subsystem gates.
server,backend/alembic/versions/20260724_0015_bill_import_history_visibility.py,first-party-text,database-migrations,inventory-reviewed; final subsystem gate pending,"inventory plus static analysis, compile/lint, and subsystem regression gates",No file-specific defect identified during subsystem audit.,None beyond applicable subsystem gates.
server,backend/alembic/versions/20260725_0016_normalized_bill_and_confidence.py,first-party-text,database-migrations,inventory-reviewed; final subsystem gate pending,"inventory plus static analysis, compile/lint, and subsystem regression gates",No file-specific defect identified during subsystem audit.,None beyond applicable subsystem gates.
server,backend/alembic/versions/20260725_0017_rate_assignment_lifecycle_source_runs.py,first-party-text,database-migrations,inventory-reviewed; final subsystem gate pending,"inventory plus static analysis, compile/lint, and subsystem regression gates",No file-specific defect identified during subsystem audit.,None beyond applicable subsystem gates.
server,backend/alembic/versions/20260729_0018_single_sensor_home_aggregate.py,first-party-text,database-migrations,inventory-reviewed; final subsystem gate pending,"inventory plus static analysis, compile/lint, and subsystem regression gates",No file-specific defect identified during subsystem audit.,None beyond applicable subsystem gates.
server,backend/alembic/versions/20260730_0019_backup_lifecycle.py,first-party-text,database-migrations,inventory-reviewed; final subsystem gate pending,"inventory plus static analysis, compile/lint, and subsystem regression gates",No file-specific defect identified during subsystem audit.,None beyond applicable subsystem gates.
server,backend/alembic/versions/20260730_0020_replace_all_backups.py,first-party-text,database-migrations,inventory-reviewed; final subsystem gate pending,"inventory plus static analysis, compile/lint, and subsystem regression gates",No file-specific defect identified during subsystem audit.,None beyond applicable subsystem gates.
server,backend/alembic/versions/20260730_0021_bill_tariff_usage_boundary.py,first-party-text,database-migrations,inventory-reviewed; final subsystem gate pending,"inventory plus static analysis, compile/lint, and subsystem regression gates",No file-specific defect identified during subsystem audit.,None beyond applicable subsystem gates.
server,backend/alembic/versions/20260731_0022_strict_viewer_permissions.py,first-party-text,database-migrations,inventory-reviewed; final subsystem gate pending,"inventory plus static analysis, compile/lint, and subsystem regression gates",No file-specific defect identified during subsystem audit.,None beyond applicable subsystem gates.
server,backend/alembic/versions/20260731_0023_detailed_notifications.py,first-party-text,database-migrations,inventory-reviewed; final subsystem gate pending,"inventory plus static analysis, compile/lint, and subsystem regression gates",No file-specific defect identified during subsystem audit.,None beyond applicable subsystem gates.
server,backend/alembic/versions/20260731_0024_dashboard_appearance.py,first-party-text,database-migrations,inventory-reviewed; final subsystem gate pending,"inventory plus static analysis, compile/lint, and subsystem regression gates",No file-specific defect identified during subsystem audit.,None beyond applicable subsystem gates.
server,backend/alembic/versions/20260731_0025_sensor_storage_controls.py,first-party-text,database-migrations,inventory-reviewed; final subsystem gate pending,"inventory plus static analysis, compile/lint, and subsystem regression gates",No file-specific defect identified during subsystem audit.,None beyond applicable subsystem gates.
server,backend/alembic/versions/20260802_0026_existing_trust_ota.py,first-party-text,database-migrations,inventory-reviewed; final subsystem gate pending,"inventory plus static analysis, compile/lint, and subsystem regression gates",No file-specific defect identified during subsystem audit.,None beyond applicable subsystem gates.
server,backend/alembic/versions/20260803_0027_ota_reconciliation.py,first-party-text,database-migrations,inventory-reviewed; final subsystem gate pending,"inventory plus static analysis, compile/lint, and subsystem regression gates",No file-specific defect identified during subsystem audit.,None beyond applicable subsystem gates.
server,backend/app/__init__.py,first-party-text,backend-api,inventory-reviewed; final subsystem gate pending,"inventory plus static analysis, compile/lint, and subsystem regression gates",No file-specific defect identified during subsystem audit.,None beyond applicable subsystem gates.
server,backend/app/access.py,first-party-text,backend-api,inventory-reviewed; final subsystem gate pending,"inventory plus static analysis, compile/lint, and subsystem regression gates",No file-specific defect identified during subsystem audit.,None beyond applicable subsystem gates.
server,backend/app/api/__init__.py,first-party-text,backend-api,inventory-reviewed; final subsystem gate pending,"inventory plus static analysis, compile/lint, and subsystem regression gates",No file-specific defect identified during subsystem audit.,None beyond applicable subsystem gates.
server,backend/app/api/deps.py,first-party-text,backend-api,inventory-reviewed; final subsystem gate pending,"inventory plus static analysis, compile/lint, and subsystem regression gates",No file-specific defect identified during subsystem audit.,None beyond applicable subsystem gates.
server,backend/app/api/routes/__init__.py,first-party-text,backend-api,inventory-reviewed; final subsystem gate pending,"inventory plus static analysis, compile/lint, and subsystem regression gates",No file-specific defect identified during subsystem audit.,None beyond applicable subsystem gates.
server,backend/app/api/routes/access_control.py,first-party-text,backend-api,inventory-reviewed; final subsystem gate pending,"inventory plus static analysis, compile/lint, and subsystem regression gates",No file-specific defect identified during subsystem audit.,None beyond applicable subsystem gates.
server,backend/app/api/routes/account_network.py,first-party-text,backend-api,inventory-reviewed; final subsystem gate pending,"inventory plus static analysis, compile/lint, and subsystem regression gates",No file-specific defect identified during subsystem audit.,None beyond applicable subsystem gates.
server,backend/app/api/routes/auth.py,first-party-text,backend-api,inventory-reviewed; final subsystem gate pending,"inventory plus static analysis, compile/lint, and subsystem regression gates",No file-specific defect identified during subsystem audit.,None beyond applicable subsystem gates.
server,backend/app/api/routes/bill_imports.py,first-party-text,backend-api,inventory-reviewed; final subsystem gate pending,"inventory plus static analysis, compile/lint, and subsystem regression gates",No file-specific defect identified during subsystem audit.,None beyond applicable subsystem gates.
server,backend/app/api/routes/device_protocol.py,first-party-text,backend-api,inventory-reviewed; final subsystem gate pending,"inventory plus static analysis, compile/lint, and subsystem regression gates",Heartbeat/report races used split transition logic.,Route transitions through the row-locked lifecycle service and retain attempt-scoped evidence.
server,backend/app/api/routes/exports.py,first-party-text,backend-api,inventory-reviewed; final subsystem gate pending,"inventory plus static analysis, compile/lint, and subsystem regression gates",No file-specific defect identified during subsystem audit.,None beyond applicable subsystem gates.
server,backend/app/api/routes/firmware.py,first-party-text,firmware-lifecycle,inventory-reviewed; final subsystem gate pending,"inventory plus static analysis, compile/lint, and subsystem regression gates",Baseline reconciliation was partly request-triggered and allowed stale nonterminal deployments.,"Use the centralized, monotonic lifecycle service and persisted terminalization timestamps."
server,backend/app/api/routes/interface_text.py,first-party-text,backend-api,inventory-reviewed; final subsystem gate pending,"inventory plus static analysis, compile/lint, and subsystem regression gates",No file-specific defect identified during subsystem audit.,None beyond applicable subsystem gates.
server,backend/app/api/routes/logs.py,first-party-text,backend-api,inventory-reviewed; final subsystem gate pending,"inventory plus static analysis, compile/lint, and subsystem regression gates",No file-specific defect identified during subsystem audit.,None beyond applicable subsystem gates.
server,backend/app/api/routes/management.py,first-party-text,backend-api,inventory-reviewed; final subsystem gate pending,"inventory plus static analysis, compile/lint, and subsystem regression gates",No file-specific defect identified during subsystem audit.,None beyond applicable subsystem gates.
server,backend/app/api/routes/rate_management.py,first-party-text,backend-api,inventory-reviewed; final subsystem gate pending,"inventory plus static analysis, compile/lint, and subsystem regression gates",No file-specific defect identified during subsystem audit.,None beyond applicable subsystem gates.
server,backend/app/api/routes/rates.py,first-party-text,backend-api,inventory-reviewed; final subsystem gate pending,"inventory plus static analysis, compile/lint, and subsystem regression gates",No file-specific defect identified during subsystem audit.,None beyond applicable subsystem gates.
server,backend/app/api/routes/site_management.py,first-party-text,backend-api,inventory-reviewed; final subsystem gate pending,"inventory plus static analysis, compile/lint, and subsystem regression gates",No file-specific defect identified during subsystem audit.,None beyond applicable subsystem gates.
server,backend/app/api/routes/status_indicators.py,first-party-text,backend-api,inventory-reviewed; final subsystem gate pending,"inventory plus static analysis, compile/lint, and subsystem regression gates",No file-specific defect identified during subsystem audit.,None beyond applicable subsystem gates.
server,backend/app/api/routes/system.py,first-party-text,backend-api,inventory-reviewed; final subsystem gate pending,"inventory plus static analysis, compile/lint, and subsystem regression gates",No file-specific defect identified during subsystem audit.,None beyond applicable subsystem gates.
server,backend/app/api/routes/test_mode.py,test-or-simulator,backend-api,inventory-reviewed; final subsystem gate pending,"inventory plus static analysis, compile/lint, and subsystem regression gates",No file-specific defect identified during subsystem audit.,None beyond applicable subsystem gates.
server,backend/app/api/routes/tiered_rates.py,first-party-text,backend-api,inventory-reviewed; final subsystem gate pending,"inventory plus static analysis, compile/lint, and subsystem regression gates",No file-specific defect identified during subsystem audit.,None beyond applicable subsystem gates.
server,backend/app/billing_sources.py,first-party-text,backend-api,inventory-reviewed; final subsystem gate pending,"inventory plus static analysis, compile/lint, and subsystem regression gates",No file-specific defect identified during subsystem audit.,None beyond applicable subsystem gates.
server,backend/app/bills/__init__.py,first-party-text,backend-api,inventory-reviewed; final subsystem gate pending,"inventory plus static analysis, compile/lint, and subsystem regression gates",No file-specific defect identified during subsystem audit.,None beyond applicable subsystem gates.
server,backend/app/bills/extraction.py,first-party-text,backend-api,inventory-reviewed; final subsystem gate pending,"inventory plus static analysis, compile/lint, and subsystem regression gates",No file-specific defect identified during subsystem audit.,None beyond applicable subsystem gates.
server,backend/app/bills/sce.py,first-party-text,backend-api,inventory-reviewed; final subsystem gate pending,"inventory plus static analysis, compile/lint, and subsystem regression gates",No file-specific defect identified during subsystem audit.,None beyond applicable subsystem gates.
server,backend/app/bills/service.py,first-party-text,backend-api,inventory-reviewed; final subsystem gate pending,"inventory plus static analysis, compile/lint, and subsystem regression gates",No file-specific defect identified during subsystem audit.,None beyond applicable subsystem gates.
server,backend/app/config.py,first-party-text,backend-api,inventory-reviewed; final subsystem gate pending,"inventory plus static analysis, compile/lint, and subsystem regression gates",No file-specific defect identified during subsystem audit.,None beyond applicable subsystem gates.
server,backend/app/configuration_status.py,first-party-text,backend-api,inventory-reviewed; final subsystem gate pending,"inventory plus static analysis, compile/lint, and subsystem regression gates",No file-specific defect identified during subsystem audit.,None beyond applicable subsystem gates.
server,backend/app/db/__init__.py,first-party-text,backend-api,inventory-reviewed; final subsystem gate pending,"inventory plus static analysis, compile/lint, and subsystem regression gates",No file-specific defect identified during subsystem audit.,None beyond applicable subsystem gates.
server,backend/app/db/base.py,first-party-text,backend-api,inventory-reviewed; final subsystem gate pending,"inventory plus static analysis, compile/lint, and subsystem regression gates",No file-specific defect identified during subsystem audit.,None beyond applicable subsystem gates.
server,backend/app/db/models.py,first-party-text,backend-api,inventory-reviewed; final subsystem gate pending,"inventory plus static analysis, compile/lint, and subsystem regression gates",No file-specific defect identified during subsystem audit.,None beyond applicable subsystem gates.
server,backend/app/db/session.py,first-party-text,backend-api,inventory-reviewed; final subsystem gate pending,"inventory plus static analysis, compile/lint, and subsystem regression gates",No file-specific defect identified during subsystem audit.,None beyond applicable subsystem gates.
server,backend/app/firmware_images.py,first-party-text,firmware-lifecycle,inventory-reviewed; final subsystem gate pending,"inventory plus static analysis, compile/lint, and subsystem regression gates",No file-specific defect identified during subsystem audit.,None beyond applicable subsystem gates.
server,backend/app/formatting.py,first-party-text,backend-api,inventory-reviewed; final subsystem gate pending,"inventory plus static analysis, compile/lint, and subsystem regression gates",No file-specific defect identified during subsystem audit.,None beyond applicable subsystem gates.
server,backend/app/history.py,first-party-text,history-backend,inventory-reviewed; final subsystem gate pending,"inventory plus static analysis, compile/lint, and subsystem regression gates","Baseline hydrated broad ORM rows and performed unrequested rate, tier, and series work.","Use a metric-aware execution plan, narrow projections, bounded output, and indexed tier lookup."
server,backend/app/home_aggregate.py,first-party-text,backend-api,inventory-reviewed; final subsystem gate pending,"inventory plus static analysis, compile/lint, and subsystem regression gates",No file-specific defect identified during subsystem audit.,None beyond applicable subsystem gates.
server,backend/app/ingestion/__init__.py,first-party-text,backend-api,inventory-reviewed; final subsystem gate pending,"inventory plus static analysis, compile/lint, and subsystem regression gates",No file-specific defect identified during subsystem audit.,None beyond applicable subsystem gates.
server,backend/app/ingestion/service.py,first-party-text,backend-api,inventory-reviewed; final subsystem gate pending,"inventory plus static analysis, compile/lint, and subsystem regression gates",No file-specific defect identified during subsystem audit.,None beyond applicable subsystem gates.
server,backend/app/interface_text.py,first-party-text,backend-api,inventory-reviewed; final subsystem gate pending,"inventory plus static analysis, compile/lint, and subsystem regression gates",No file-specific defect identified during subsystem audit.,None beyond applicable subsystem gates.
server,backend/app/live_measurements.py,first-party-text,backend-api,inventory-reviewed; final subsystem gate pending,"inventory plus static analysis, compile/lint, and subsystem regression gates",No file-specific defect identified during subsystem audit.,None beyond applicable subsystem gates.
server,backend/app/logging.py,first-party-text,backend-api,inventory-reviewed; final subsystem gate pending,"inventory plus static analysis, compile/lint, and subsystem regression gates",No file-specific defect identified during subsystem audit.,None beyond applicable subsystem gates.
server,backend/app/main.py,first-party-text,backend-api,inventory-reviewed; final subsystem gate pending,"inventory plus static analysis, compile/lint, and subsystem regression gates",No file-specific defect identified during subsystem audit.,None beyond applicable subsystem gates.
server,backend/app/network_policy.py,first-party-text,backend-api,inventory-reviewed; final subsystem gate pending,"inventory plus static analysis, compile/lint, and subsystem regression gates",No file-specific defect identified during subsystem audit.,None beyond applicable subsystem gates.
server,backend/app/notifications.py,first-party-text,backend-api,inventory-reviewed; final subsystem gate pending,"inventory plus static analysis, compile/lint, and subsystem regression gates",No file-specific defect identified during subsystem audit.,None beyond applicable subsystem gates.
server,backend/app/ota.py,first-party-text,backend-api,inventory-reviewed; final subsystem gate pending,"inventory plus static analysis, compile/lint, and subsystem regression gates",No file-specific defect identified during subsystem audit.,None beyond applicable subsystem gates.
server,backend/app/polling/__init__.py,first-party-text,backend-api,inventory-reviewed; final subsystem gate pending,"inventory plus static analysis, compile/lint, and subsystem regression gates",No file-specific defect identified during subsystem audit.,None beyond applicable subsystem gates.
server,backend/app/polling/ssrf.py,first-party-text,backend-api,inventory-reviewed; final subsystem gate pending,"inventory plus static analysis, compile/lint, and subsystem regression gates",No file-specific defect identified during subsystem audit.,None beyond applicable subsystem gates.
server,backend/app/problem.py,first-party-text,backend-api,inventory-reviewed; final subsystem gate pending,"inventory plus static analysis, compile/lint, and subsystem regression gates",No file-specific defect identified during subsystem audit.,None beyond applicable subsystem gates.
server,backend/app/rates/__init__.py,first-party-text,backend-api,inventory-reviewed; final subsystem gate pending,"inventory plus static analysis, compile/lint, and subsystem regression gates",No file-specific defect identified during subsystem audit.,None beyond applicable subsystem gates.
server,backend/app/rates/assignments.py,first-party-text,backend-api,inventory-reviewed; final subsystem gate pending,"inventory plus static analysis, compile/lint, and subsystem regression gates",No file-specific defect identified during subsystem audit.,None beyond applicable subsystem gates.
server,backend/app/rates/candidates.py,first-party-text,backend-api,inventory-reviewed; final subsystem gate pending,"inventory plus static analysis, compile/lint, and subsystem regression gates",No file-specific defect identified during subsystem audit.,None beyond applicable subsystem gates.
server,backend/app/rates/documents.py,first-party-text,backend-api,inventory-reviewed; final subsystem gate pending,"inventory plus static analysis, compile/lint, and subsystem regression gates",No file-specific defect identified during subsystem audit.,None beyond applicable subsystem gates.
server,backend/app/rates/engine.py,first-party-text,backend-api,inventory-reviewed; final subsystem gate pending,"inventory plus static analysis, compile/lint, and subsystem regression gates",No file-specific defect identified during subsystem audit.,None beyond applicable subsystem gates.
server,backend/app/rates/notifications.py,first-party-text,backend-api,inventory-reviewed; final subsystem gate pending,"inventory plus static analysis, compile/lint, and subsystem regression gates",No file-specific defect identified during subsystem audit.,None beyond applicable subsystem gates.
server,backend/app/rates/schedule.py,first-party-text,backend-api,inventory-reviewed; final subsystem gate pending,"inventory plus static analysis, compile/lint, and subsystem regression gates",No file-specific defect identified during subsystem audit.,None beyond applicable subsystem gates.
server,backend/app/rates/service.py,first-party-text,backend-api,inventory-reviewed; final subsystem gate pending,"inventory plus static analysis, compile/lint, and subsystem regression gates",No file-specific defect identified during subsystem audit.,None beyond applicable subsystem gates.
server,backend/app/rates/sources.py,first-party-text,backend-api,inventory-reviewed; final subsystem gate pending,"inventory plus static analysis, compile/lint, and subsystem regression gates",No file-specific defect identified during subsystem audit.,None beyond applicable subsystem gates.
server,backend/app/rates/tiered.py,first-party-text,backend-api,inventory-reviewed; final subsystem gate pending,"inventory plus static analysis, compile/lint, and subsystem regression gates",No file-specific defect identified during subsystem audit.,None beyond applicable subsystem gates.
server,backend/app/schemas.py,first-party-text,backend-api,inventory-reviewed; final subsystem gate pending,"inventory plus static analysis, compile/lint, and subsystem regression gates",No file-specific defect identified during subsystem audit.,None beyond applicable subsystem gates.
server,backend/app/security/__init__.py,first-party-text,backend-api,inventory-reviewed; final subsystem gate pending,"inventory plus static analysis, compile/lint, and subsystem regression gates",No file-specific defect identified during subsystem audit.,None beyond applicable subsystem gates.
server,backend/app/security/browser.py,first-party-text,backend-api,inventory-reviewed; final subsystem gate pending,"inventory plus static analysis, compile/lint, and subsystem regression gates",No file-specific defect identified during subsystem audit.,None beyond applicable subsystem gates.
server,backend/app/security/protocol.py,first-party-text,backend-api,inventory-reviewed; final subsystem gate pending,"inventory plus static analysis, compile/lint, and subsystem regression gates",No file-specific defect identified during subsystem audit.,None beyond applicable subsystem gates.
server,backend/app/sensor_test_mode.py,test-or-simulator,backend-api,inventory-reviewed; final subsystem gate pending,"inventory plus static analysis, compile/lint, and subsystem regression gates",No file-specific defect identified during subsystem audit.,None beyond applicable subsystem gates.
server,backend/app/services/__init__.py,first-party-text,backend-api,inventory-reviewed; final subsystem gate pending,"inventory plus static analysis, compile/lint, and subsystem regression gates",No file-specific defect identified during subsystem audit.,None beyond applicable subsystem gates.
server,backend/app/services/bootstrap.py,first-party-text,backend-api,inventory-reviewed; final subsystem gate pending,"inventory plus static analysis, compile/lint, and subsystem regression gates",No file-specific defect identified during subsystem audit.,None beyond applicable subsystem gates.
server,backend/app/services/log_exports.py,first-party-text,backend-api,inventory-reviewed; final subsystem gate pending,"inventory plus static analysis, compile/lint, and subsystem regression gates",No file-specific defect identified during subsystem audit.,None beyond applicable subsystem gates.
server,backend/app/status_indicators.py,first-party-text,backend-api,inventory-reviewed; final subsystem gate pending,"inventory plus static analysis, compile/lint, and subsystem regression gates",No file-specific defect identified during subsystem audit.,None beyond applicable subsystem gates.
server,backend/app/topology.py,first-party-text,backend-api,inventory-reviewed; final subsystem gate pending,"inventory plus static analysis, compile/lint, and subsystem regression gates",No file-specific defect identified during subsystem audit.,None beyond applicable subsystem gates.
server,backend/app/upload_limits.py,first-party-text,backend-api,inventory-reviewed; final subsystem gate pending,"inventory plus static analysis, compile/lint, and subsystem regression gates",No file-specific defect identified during subsystem audit.,None beyond applicable subsystem gates.
server,backend/pyproject.toml,generated-or-special,backend-api,inventory-reviewed; final subsystem gate pending,"inventory plus static analysis, compile/lint, and subsystem regression gates",No file-specific defect identified during subsystem audit.,None beyond applicable subsystem gates.
server,backend/requirements.lock,dependency-lock,backend-api,inventory-reviewed; final subsystem gate pending,inventory plus pinned dependency/build reproduction,No file-specific defect identified during subsystem audit.,None beyond applicable subsystem gates.
server,backend/tests/conftest.py,test-or-simulator,backend-api,inventory-reviewed; final subsystem gate pending,"inventory plus static analysis, compile/lint, and subsystem regression gates",No file-specific defect identified during subsystem audit.,None beyond applicable subsystem gates.
server,backend/tests/fixtures/bills/encrypted-tiered-bill.pdf,binary-reference,backend-api,inventory-reviewed; final subsystem gate pending,inventory plus visual/content-specific regression gate,No file-specific defect identified during subsystem audit.,None beyond applicable subsystem gates.
server,backend/tests/fixtures/bills/rotated-tiered-bill.pdf,binary-reference,backend-api,inventory-reviewed; final subsystem gate pending,inventory plus visual/content-specific regression gate,No file-specific defect identified during subsystem audit.,None beyond applicable subsystem gates.
server,backend/tests/fixtures/bills/sanitized-sce-domestic-bill.pdf,binary-reference,backend-api,inventory-reviewed; final subsystem gate pending,inventory plus visual/content-specific regression gate,No file-specific defect identified during subsystem audit.,None beyond applicable subsystem gates.
server,backend/tests/fixtures/bills/sanitized-sce-expected-extraction.json,test-or-simulator,backend-api,inventory-reviewed; final subsystem gate pending,"inventory plus static analysis, compile/lint, and subsystem regression gates",No file-specific defect identified during subsystem audit.,None beyond applicable subsystem gates.
server,backend/tests/fixtures/bills/sanitized-sce-single-detail-page.pdf,binary-reference,backend-api,inventory-reviewed; final subsystem gate pending,inventory plus visual/content-specific regression gate,No file-specific defect identified during subsystem audit.,None beyond applicable subsystem gates.
server,backend/tests/fixtures/bills/scanned-tiered-bill.pdf,binary-reference,backend-api,inventory-reviewed; final subsystem gate pending,inventory plus visual/content-specific regression gate,No file-specific defect identified during subsystem audit.,None beyond applicable subsystem gates.
server,backend/tests/fixtures/bills/text-tiered-bill.pdf,binary-reference,backend-api,inventory-reviewed; final subsystem gate pending,inventory plus visual/content-specific regression gate,No file-specific defect identified during subsystem audit.,None beyond applicable subsystem gates.
server,backend/tests/fixtures/sce/advisory-without-effective-date.html,test-or-simulator,backend-api,inventory-reviewed; final subsystem gate pending,"inventory plus static analysis, compile/lint, and subsystem regression gates",No file-specific defect identified during subsystem audit.,None beyond applicable subsystem gates.
server,backend/tests/fixtures/sce/change-scenarios.json,test-or-simulator,backend-api,inventory-reviewed; final subsystem gate pending,"inventory plus static analysis, compile/lint, and subsystem regression gates",No file-specific defect identified during subsystem audit.,None beyond applicable subsystem gates.
server,backend/tests/fixtures/sce/changed-tou.html,test-or-simulator,backend-api,inventory-reviewed; final subsystem gate pending,"inventory plus static analysis, compile/lint, and subsystem regression gates",No file-specific defect identified during subsystem audit.,None beyond applicable subsystem gates.
server,backend/tests/fixtures/sce/contradictory-public.html,test-or-simulator,backend-api,inventory-reviewed; final subsystem gate pending,"inventory plus static analysis, compile/lint, and subsystem regression gates",No file-specific defect identified during subsystem audit.,None beyond applicable subsystem gates.
server,backend/tests/fixtures/sce/contradictory-tariff.pdf,binary-reference,backend-api,inventory-reviewed; final subsystem gate pending,inventory plus visual/content-specific regression gate,No file-specific defect identified during subsystem audit.,None beyond applicable subsystem gates.
server,backend/tests/fixtures/sce/current-tariff.pdf,binary-reference,backend-api,inventory-reviewed; final subsystem gate pending,inventory plus visual/content-specific regression gate,No file-specific defect identified during subsystem audit.,None beyond applicable subsystem gates.
server,backend/tests/fixtures/sce/current-tou.html,test-or-simulator,backend-api,inventory-reviewed; final subsystem gate pending,"inventory plus static analysis, compile/lint, and subsystem regression gates",No file-specific defect identified during subsystem audit.,None beyond applicable subsystem gates.
server,backend/tests/fixtures/sce/duplicate-plan.html,test-or-simulator,backend-api,inventory-reviewed; final subsystem gate pending,"inventory plus static analysis, compile/lint, and subsystem regression gates",No file-specific defect identified during subsystem audit.,None beyond applicable subsystem gates.
server,backend/tests/fixtures/sce/historical-tariff.pdf,binary-reference,backend-api,inventory-reviewed; final subsystem gate pending,inventory plus visual/content-specific regression gate,No file-specific defect identified during subsystem audit.,None beyond applicable subsystem gates.
server,backend/tests/fixtures/sce/http-responses.json,test-or-simulator,backend-api,inventory-reviewed; final subsystem gate pending,"inventory plus static analysis, compile/lint, and subsystem regression gates",No file-specific defect identified during subsystem audit.,None beyond applicable subsystem gates.
server,backend/tests/fixtures/sce/malformed.html,test-or-simulator,backend-api,inventory-reviewed; final subsystem gate pending,"inventory plus static analysis, compile/lint, and subsystem regression gates",No file-specific defect identified during subsystem audit.,None beyond applicable subsystem gates.
server,backend/tests/fixtures/sce/missing-period.html,test-or-simulator,backend-api,inventory-reviewed; final subsystem gate pending,"inventory plus static analysis, compile/lint, and subsystem regression gates",No file-specific defect identified during subsystem audit.,None beyond applicable subsystem gates.
server,backend/tests/fixtures/sce/missing-plan.html,test-or-simulator,backend-api,inventory-reviewed; final subsystem gate pending,"inventory plus static analysis, compile/lint, and subsystem regression gates",No file-specific defect identified during subsystem audit.,None beyond applicable subsystem gates.
server,backend/tests/fixtures/sce/no-effective-date.json,test-or-simulator,backend-api,inventory-reviewed; final subsystem gate pending,"inventory plus static analysis, compile/lint, and subsystem regression gates",No file-specific defect identified during subsystem audit.,None beyond applicable subsystem gates.
server,backend/tests/fixtures/sce/public-tou-page.html,test-or-simulator,backend-api,inventory-reviewed; final subsystem gate pending,"inventory plus static analysis, compile/lint, and subsystem regression gates",No file-specific defect identified during subsystem audit.,None beyond applicable subsystem gates.
server,backend/tests/fixtures/sce/rate-advisory.html,test-or-simulator,backend-api,inventory-reviewed; final subsystem gate pending,"inventory plus static analysis, compile/lint, and subsystem regression gates",No file-specific defect identified during subsystem audit.,None beyond applicable subsystem gates.
server,backend/tests/fixtures/sce/redirects.json,test-or-simulator,backend-api,inventory-reviewed; final subsystem gate pending,"inventory plus static analysis, compile/lint, and subsystem regression gates",No file-specific defect identified during subsystem audit.,None beyond applicable subsystem gates.
server,backend/tests/fixtures/sce/tariff-index.html,test-or-simulator,backend-api,inventory-reviewed; final subsystem gate pending,"inventory plus static analysis, compile/lint, and subsystem regression gates",No file-specific defect identified during subsystem audit.,None beyond applicable subsystem gates.
server,backend/tests/test_access_interface_text.py,test-or-simulator,backend-api,inventory-reviewed; final subsystem gate pending,"inventory plus static analysis, compile/lint, and subsystem regression gates",No file-specific defect identified during subsystem audit.,None beyond applicable subsystem gates.
server,backend/tests/test_alert_rule_contract.py,test-or-simulator,backend-api,inventory-reviewed; final subsystem gate pending,"inventory plus static analysis, compile/lint, and subsystem regression gates",No file-specific defect identified during subsystem audit.,None beyond applicable subsystem gates.
server,backend/tests/test_api_flow.py,test-or-simulator,backend-api,inventory-reviewed; final subsystem gate pending,"inventory plus static analysis, compile/lint, and subsystem regression gates",No file-specific defect identified during subsystem audit.,None beyond applicable subsystem gates.
server,backend/tests/test_backup_requests.py,test-or-simulator,backend-api,inventory-reviewed; final subsystem gate pending,"inventory plus static analysis, compile/lint, and subsystem regression gates",No file-specific defect identified during subsystem audit.,None beyond applicable subsystem gates.
server,backend/tests/test_current_plan_configuration_status.py,test-or-simulator,backend-api,inventory-reviewed; final subsystem gate pending,"inventory plus static analysis, compile/lint, and subsystem regression gates",No file-specific defect identified during subsystem audit.,None beyond applicable subsystem gates.
server,backend/tests/test_dashboard_appearance.py,test-or-simulator,backend-api,inventory-reviewed; final subsystem gate pending,"inventory plus static analysis, compile/lint, and subsystem regression gates",No file-specific defect identified during subsystem audit.,None beyond applicable subsystem gates.
server,backend/tests/test_dashboard_corrections.py,test-or-simulator,backend-api,inventory-reviewed; final subsystem gate pending,"inventory plus static analysis, compile/lint, and subsystem regression gates",No file-specific defect identified during subsystem audit.,None beyond applicable subsystem gates.
server,backend/tests/test_detailed_notifications.py,test-or-simulator,backend-api,inventory-reviewed; final subsystem gate pending,"inventory plus static analysis, compile/lint, and subsystem regression gates",No file-specific defect identified during subsystem audit.,None beyond applicable subsystem gates.
server,backend/tests/test_existing_trust_ota.py,test-or-simulator,backend-api,inventory-reviewed; final subsystem gate pending,"inventory plus static analysis, compile/lint, and subsystem regression gates",No file-specific defect identified during subsystem audit.,None beyond applicable subsystem gates.
server,backend/tests/test_file_backed_settings.py,test-or-simulator,backend-api,inventory-reviewed; final subsystem gate pending,"inventory plus static analysis, compile/lint, and subsystem regression gates",No file-specific defect identified during subsystem audit.,None beyond applicable subsystem gates.
server,backend/tests/test_history_cost_aggregation.py,test-or-simulator,backend-api,inventory-reviewed; final subsystem gate pending,"inventory plus static analysis, compile/lint, and subsystem regression gates",No file-specific defect identified during subsystem audit.,None beyond applicable subsystem gates.
server,backend/tests/test_home_aggregate.py,test-or-simulator,backend-api,inventory-reviewed; final subsystem gate pending,"inventory plus static analysis, compile/lint, and subsystem regression gates",No file-specific defect identified during subsystem audit.,None beyond applicable subsystem gates.
server,backend/tests/test_ingestion.py,test-or-simulator,backend-api,inventory-reviewed; final subsystem gate pending,"inventory plus static analysis, compile/lint, and subsystem regression gates",No file-specific defect identified during subsystem audit.,None beyond applicable subsystem gates.
server,backend/tests/test_live_measurements.py,test-or-simulator,backend-api,inventory-reviewed; final subsystem gate pending,"inventory plus static analysis, compile/lint, and subsystem regression gates",No file-specific defect identified during subsystem audit.,None beyond applicable subsystem gates.
server,backend/tests/test_load_resilience.py,test-or-simulator,backend-api,inventory-reviewed; final subsystem gate pending,"inventory plus static analysis, compile/lint, and subsystem regression gates",No file-specific defect identified during subsystem audit.,None beyond applicable subsystem gates.
server,backend/tests/test_measurement_assignment_cost_recalculation.py,test-or-simulator,backend-api,inventory-reviewed; final subsystem gate pending,"inventory plus static analysis, compile/lint, and subsystem regression gates",No file-specific defect identified during subsystem audit.,None beyond applicable subsystem gates.
server,backend/tests/test_migration_contract.py,test-or-simulator,backend-api,inventory-reviewed; final subsystem gate pending,"inventory plus static analysis, compile/lint, and subsystem regression gates",No file-specific defect identified during subsystem audit.,None beyond applicable subsystem gates.
server,backend/tests/test_operations.py,test-or-simulator,backend-api,inventory-reviewed; final subsystem gate pending,"inventory plus static analysis, compile/lint, and subsystem regression gates",No file-specific defect identified during subsystem audit.,None beyond applicable subsystem gates.
server,backend/tests/test_postgres_integration.py,test-or-simulator,backend-api,inventory-reviewed; final subsystem gate pending,"inventory plus static analysis, compile/lint, and subsystem regression gates",No file-specific defect identified during subsystem audit.,None beyond applicable subsystem gates.
server,backend/tests/test_protocol.py,test-or-simulator,backend-api,inventory-reviewed; final subsystem gate pending,"inventory plus static analysis, compile/lint, and subsystem regression gates",No file-specific defect identified during subsystem audit.,None beyond applicable subsystem gates.
server,backend/tests/test_rate_assignment_version_source_workflows.py,test-or-simulator,backend-api,inventory-reviewed; final subsystem gate pending,"inventory plus static analysis, compile/lint, and subsystem regression gates",No file-specific defect identified during subsystem audit.,None beyond applicable subsystem gates.
server,backend/tests/test_rate_automation.py,test-or-simulator,backend-api,inventory-reviewed; final subsystem gate pending,"inventory plus static analysis, compile/lint, and subsystem regression gates",No file-specific defect identified during subsystem audit.,None beyond applicable subsystem gates.
server,backend/tests/test_rate_plan_lifecycle.py,test-or-simulator,backend-api,inventory-reviewed; final subsystem gate pending,"inventory plus static analysis, compile/lint, and subsystem regression gates",No file-specific defect identified during subsystem audit.,None beyond applicable subsystem gates.
server,backend/tests/test_rates.py,test-or-simulator,backend-api,inventory-reviewed; final subsystem gate pending,"inventory plus static analysis, compile/lint, and subsystem regression gates",No file-specific defect identified during subsystem audit.,None beyond applicable subsystem gates.
server,backend/tests/test_sce_bill_parser.py,test-or-simulator,backend-api,inventory-reviewed; final subsystem gate pending,"inventory plus static analysis, compile/lint, and subsystem regression gates",No file-specific defect identified during subsystem audit.,None beyond applicable subsystem gates.
server,backend/tests/test_sensor_storage_controls.py,test-or-simulator,backend-api,inventory-reviewed; final subsystem gate pending,"inventory plus static analysis, compile/lint, and subsystem regression gates",No file-specific defect identified during subsystem audit.,None beyond applicable subsystem gates.
server,backend/tests/test_site_lifecycle.py,test-or-simulator,backend-api,inventory-reviewed; final subsystem gate pending,"inventory plus static analysis, compile/lint, and subsystem regression gates",No file-specific defect identified during subsystem audit.,None beyond applicable subsystem gates.
server,backend/tests/test_status_indicators_layout.py,test-or-simulator,backend-api,inventory-reviewed; final subsystem gate pending,"inventory plus static analysis, compile/lint, and subsystem regression gates",No file-specific defect identified during subsystem audit.,None beyond applicable subsystem gates.
server,backend/tests/test_system_health_sensor_test_mode.py,test-or-simulator,backend-api,inventory-reviewed; final subsystem gate pending,"inventory plus static analysis, compile/lint, and subsystem regression gates",No file-specific defect identified during subsystem audit.,None beyond applicable subsystem gates.
server,backend/tests/test_tiered_hybrid_rates.py,test-or-simulator,backend-api,inventory-reviewed; final subsystem gate pending,"inventory plus static analysis, compile/lint, and subsystem regression gates",No file-specific defect identified during subsystem audit.,None beyond applicable subsystem gates.
server,backend/tests/test_topology_ssrf_auth.py,test-or-simulator,backend-api,inventory-reviewed; final subsystem gate pending,"inventory plus static analysis, compile/lint, and subsystem regression gates",No file-specific defect identified during subsystem audit.,None beyond applicable subsystem gates.
server,backend/tests/test_truenas_compose_integration.py,test-or-simulator,backend-api,inventory-reviewed; final subsystem gate pending,"inventory plus static analysis, compile/lint, and subsystem regression gates",No file-specific defect identified during subsystem audit.,None beyond applicable subsystem gates.
server,backend/tests/test_truenas_tools.py,test-or-simulator,backend-api,inventory-reviewed; final subsystem gate pending,"inventory plus static analysis, compile/lint, and subsystem regression gates",No file-specific defect identified during subsystem audit.,None beyond applicable subsystem gates.
server,backend/tests/test_user_lifecycle_cleanup.py,test-or-simulator,backend-api,inventory-reviewed; final subsystem gate pending,"inventory plus static analysis, compile/lint, and subsystem regression gates",No file-specific defect identified during subsystem audit.,None beyond applicable subsystem gates.
server,backend/tests/test_user_management.py,test-or-simulator,backend-api,inventory-reviewed; final subsystem gate pending,"inventory plus static analysis, compile/lint, and subsystem regression gates",No file-specific defect identified during subsystem audit.,None beyond applicable subsystem gates.
server,backend/tests/test_utility_account_network_policy.py,test-or-simulator,backend-api,inventory-reviewed; final subsystem gate pending,"inventory plus static analysis, compile/lint, and subsystem regression gates",No file-specific defect identified during subsystem audit.,None beyond applicable subsystem gates.
server,backend/tests/test_utility_bill_import.py,test-or-simulator,backend-api,inventory-reviewed; final subsystem gate pending,"inventory plus static analysis, compile/lint, and subsystem regression gates",No file-specific defect identified during subsystem audit.,None beyond applicable subsystem gates.
server,backend/tests/test_worker_concurrency.py,test-or-simulator,backend-api,inventory-reviewed; final subsystem gate pending,"inventory plus static analysis, compile/lint, and subsystem regression gates",No file-specific defect identified during subsystem audit.,None beyond applicable subsystem gates.
server,backend/uv.lock,dependency-lock,backend-api,inventory-reviewed; final subsystem gate pending,inventory plus pinned dependency/build reproduction,No file-specific defect identified during subsystem audit.,None beyond applicable subsystem gates.
server,backups/.gitkeep,first-party-text,repository-infrastructure,inventory-reviewed; final subsystem gate pending,"inventory plus static analysis, compile/lint, and subsystem regression gates",No file-specific defect identified during subsystem audit.,None beyond applicable subsystem gates.
server,compose.dev.yaml,first-party-text,repository-infrastructure,inventory-reviewed; final subsystem gate pending,"inventory plus static analysis, compile/lint, and subsystem regression gates",No file-specific defect identified during subsystem audit.,None beyond applicable subsystem gates.
server,compose.yaml,first-party-text,repository-infrastructure,inventory-reviewed; final subsystem gate pending,"inventory plus static analysis, compile/lint, and subsystem regression gates",No file-specific defect identified during subsystem audit.,None beyond applicable subsystem gates.
server,deploy/Caddyfile,first-party-text,deployment,inventory-reviewed; final subsystem gate pending,"inventory plus static analysis, compile/lint, and subsystem regression gates",No file-specific defect identified during subsystem audit.,None beyond applicable subsystem gates.
server,deploy/docker/backend.Dockerfile,first-party-text,deployment,inventory-reviewed; final subsystem gate pending,"inventory plus static analysis, compile/lint, and subsystem regression gates",No file-specific defect identified during subsystem audit.,None beyond applicable subsystem gates.
server,deploy/docker/backup.Dockerfile,first-party-text,deployment,inventory-reviewed; final subsystem gate pending,"inventory plus static analysis, compile/lint, and subsystem regression gates",No file-specific defect identified during subsystem audit.,None beyond applicable subsystem gates.
server,deploy/docker/frontend.Dockerfile,first-party-text,deployment,inventory-reviewed; final subsystem gate pending,"inventory plus static analysis, compile/lint, and subsystem regression gates",No file-specific defect identified during subsystem audit.,None beyond applicable subsystem gates.
server,deploy/docker/nginx.conf,first-party-text,deployment,inventory-reviewed; final subsystem gate pending,"inventory plus static analysis, compile/lint, and subsystem regression gates",No file-specific defect identified during subsystem audit.,None beyond applicable subsystem gates.
server,deploy/examples/Caddyfile.internal,generated-or-special,deployment,inventory-reviewed; final subsystem gate pending,"inventory plus static analysis, compile/lint, and subsystem regression gates",No file-specific defect identified during subsystem audit.,None beyond applicable subsystem gates.
server,deploy/examples/Caddyfile.user-certificate,generated-or-special,deployment,inventory-reviewed; final subsystem gate pending,"inventory plus static analysis, compile/lint, and subsystem regression gates",No file-specific defect identified during subsystem audit.,None beyond applicable subsystem gates.
server,deploy/systemd/power-monitor-backup.service,generated-or-special,deployment,inventory-reviewed; final subsystem gate pending,"inventory plus static analysis, compile/lint, and subsystem regression gates",No file-specific defect identified during subsystem audit.,None beyond applicable subsystem gates.
server,deploy/systemd/power-monitor-backup.timer,generated-or-special,deployment,inventory-reviewed; final subsystem gate pending,"inventory plus static analysis, compile/lint, and subsystem regression gates",No file-specific defect identified during subsystem audit.,None beyond applicable subsystem gates.
server,deploy/truenas/Caddyfile,first-party-text,deployment,inventory-reviewed; final subsystem gate pending,"inventory plus static analysis, compile/lint, and subsystem regression gates",No file-specific defect identified during subsystem audit.,None beyond applicable subsystem gates.
server,deploy/truenas/Caddyfile.public-acme,generated-or-special,deployment,inventory-reviewed; final subsystem gate pending,"inventory plus static analysis, compile/lint, and subsystem regression gates",No file-specific defect identified during subsystem audit.,None beyond applicable subsystem gates.
server,deploy/truenas/Caddyfile.user-certificate,generated-or-special,deployment,inventory-reviewed; final subsystem gate pending,"inventory plus static analysis, compile/lint, and subsystem regression gates",No file-specific defect identified during subsystem audit.,None beyond applicable subsystem gates.
server,deploy/truenas/backup-and-restore.md,documentation,deployment,inventory-reviewed; final subsystem gate pending,"inventory plus instruction, link, safety, and provenance review",No file-specific defect identified during subsystem audit.,None beyond applicable subsystem gates.
server,deploy/truenas/compose-icmp.yaml,first-party-text,deployment,inventory-reviewed; final subsystem gate pending,"inventory plus static analysis, compile/lint, and subsystem regression gates",No file-specific defect identified during subsystem audit.,None beyond applicable subsystem gates.
server,deploy/truenas/compose.yaml,first-party-text,deployment,inventory-reviewed; final subsystem gate pending,"inventory plus static analysis, compile/lint, and subsystem regression gates",No file-specific defect identified during subsystem audit.,None beyond applicable subsystem gates.
server,deploy/truenas/dataset-layout.md,documentation,deployment,inventory-reviewed; final subsystem gate pending,"inventory plus instruction, link, safety, and provenance review",No file-specific defect identified during subsystem audit.,None beyond applicable subsystem gates.
server,deploy/truenas/installation.md,documentation,deployment,inventory-reviewed; final subsystem gate pending,"inventory plus instruction, link, safety, and provenance review",No file-specific defect identified during subsystem audit.,None beyond applicable subsystem gates.
server,deploy/truenas/permissions.md,documentation,deployment,inventory-reviewed; final subsystem gate pending,"inventory plus instruction, link, safety, and provenance review",No file-specific defect identified during subsystem audit.,None beyond applicable subsystem gates.
server,deploy/truenas/secrets.example/README.md,documentation,deployment,inventory-reviewed; final subsystem gate pending,"inventory plus instruction, link, safety, and provenance review",No file-specific defect identified during subsystem audit.,None beyond applicable subsystem gates.
server,deploy/truenas/troubleshooting.md,documentation,deployment,inventory-reviewed; final subsystem gate pending,"inventory plus instruction, link, safety, and provenance review",No file-specific defect identified during subsystem audit.,None beyond applicable subsystem gates.
server,deploy/truenas/upgrade.md,documentation,deployment,inventory-reviewed; final subsystem gate pending,"inventory plus instruction, link, safety, and provenance review",No file-specific defect identified during subsystem audit.,None beyond applicable subsystem gates.
server,docs/ACCOUNT_USAGE_AUTHORITY.md,documentation,documentation,inventory-reviewed; final subsystem gate pending,"inventory plus instruction, link, safety, and provenance review",No file-specific defect identified during subsystem audit.,None beyond applicable subsystem gates.
server,docs/ACTION_REGISTRY.md,documentation,documentation,inventory-reviewed; final subsystem gate pending,"inventory plus instruction, link, safety, and provenance review",No file-specific defect identified during subsystem audit.,None beyond applicable subsystem gates.
server,docs/API.md,documentation,documentation,inventory-reviewed; final subsystem gate pending,"inventory plus instruction, link, safety, and provenance review",No file-specific defect identified during subsystem audit.,None beyond applicable subsystem gates.
server,docs/ARCHITECTURE.md,documentation,documentation,inventory-reviewed; final subsystem gate pending,"inventory plus instruction, link, safety, and provenance review",No file-specific defect identified during subsystem audit.,None beyond applicable subsystem gates.
server,docs/AUTHENTICATION.md,documentation,documentation,inventory-reviewed; final subsystem gate pending,"inventory plus instruction, link, safety, and provenance review",No file-specific defect identified during subsystem audit.,None beyond applicable subsystem gates.
server,docs/BACKUP_AND_RESTORE.md,documentation,documentation,inventory-reviewed; final subsystem gate pending,"inventory plus instruction, link, safety, and provenance review",No file-specific defect identified during subsystem audit.,None beyond applicable subsystem gates.
server,docs/BILLING_CYCLES.md,documentation,documentation,inventory-reviewed; final subsystem gate pending,"inventory plus instruction, link, safety, and provenance review",No file-specific defect identified during subsystem audit.,None beyond applicable subsystem gates.
server,docs/BILLING_TARIFF_USAGE_BOUNDARY.md,documentation,documentation,inventory-reviewed; final subsystem gate pending,"inventory plus instruction, link, safety, and provenance review",No file-specific defect identified during subsystem audit.,None beyond applicable subsystem gates.
server,docs/BROWSER_COMPATIBILITY.md,documentation,documentation,inventory-reviewed; final subsystem gate pending,"inventory plus instruction, link, safety, and provenance review",No file-specific defect identified during subsystem audit.,None beyond applicable subsystem gates.
server,docs/CURRENT_PLAN_AND_CONFIGURATION_STATUS.md,documentation,documentation,inventory-reviewed; final subsystem gate pending,"inventory plus instruction, link, safety, and provenance review",No file-specific defect identified during subsystem audit.,None beyond applicable subsystem gates.
server,docs/CUSTOM_RATE_PLANS.md,documentation,documentation,inventory-reviewed; final subsystem gate pending,"inventory plus instruction, link, safety, and provenance review",No file-specific defect identified during subsystem audit.,None beyond applicable subsystem gates.
server,docs/CUSTOM_ROLES.md,documentation,documentation,inventory-reviewed; final subsystem gate pending,"inventory plus instruction, link, safety, and provenance review",No file-specific defect identified during subsystem audit.,None beyond applicable subsystem gates.
server,docs/DEPENDENCY_AUDIT.md,documentation,documentation,inventory-reviewed; final subsystem gate pending,"inventory plus instruction, link, safety, and provenance review",No file-specific defect identified during subsystem audit.,None beyond applicable subsystem gates.
server,docs/DEVICE_ENROLLMENT.md,documentation,documentation,inventory-reviewed; final subsystem gate pending,"inventory plus instruction, link, safety, and provenance review",No file-specific defect identified during subsystem audit.,None beyond applicable subsystem gates.
server,docs/DEVICE_PROTOCOL.md,documentation,documentation,inventory-reviewed; final subsystem gate pending,"inventory plus instruction, link, safety, and provenance review",No file-specific defect identified during subsystem audit.,None beyond applicable subsystem gates.
server,docs/DEVICE_PROTOCOL_REFERENCES.md,documentation,documentation,inventory-reviewed; final subsystem gate pending,"inventory plus instruction, link, safety, and provenance review",No file-specific defect identified during subsystem audit.,None beyond applicable subsystem gates.
server,docs/DEVICE_SEQUENCE_CURSOR.md,documentation,documentation,inventory-reviewed; final subsystem gate pending,"inventory plus instruction, link, safety, and provenance review",No file-specific defect identified during subsystem audit.,None beyond applicable subsystem gates.
server,docs/FIRMWARE_MANAGEMENT.md,documentation,documentation,inventory-reviewed; final subsystem gate pending,"inventory plus instruction, link, safety, and provenance review",No file-specific defect identified during subsystem audit.,None beyond applicable subsystem gates.
server,docs/FIRST_RUN.md,documentation,documentation,inventory-reviewed; final subsystem gate pending,"inventory plus instruction, link, safety, and provenance review",No file-specific defect identified during subsystem audit.,None beyond applicable subsystem gates.
server,docs/HISTORY.md,documentation,documentation,inventory-reviewed; final subsystem gate pending,"inventory plus instruction, link, safety, and provenance review",No file-specific defect identified during subsystem audit.,None beyond applicable subsystem gates.
server,docs/HISTORY_COSTS.md,documentation,documentation,inventory-reviewed; final subsystem gate pending,"inventory plus instruction, link, safety, and provenance review",No file-specific defect identified during subsystem audit.,None beyond applicable subsystem gates.
server,docs/HISTORY_EXPORTS.md,documentation,documentation,inventory-reviewed; final subsystem gate pending,"inventory plus instruction, link, safety, and provenance review",No file-specific defect identified during subsystem audit.,None beyond applicable subsystem gates.
server,docs/IMPLEMENTATION_PLAN.md,documentation,documentation,inventory-reviewed; final subsystem gate pending,"inventory plus instruction, link, safety, and provenance review",No file-specific defect identified during subsystem audit.,None beyond applicable subsystem gates.
server,docs/INSTALLATION.md,documentation,documentation,inventory-reviewed; final subsystem gate pending,"inventory plus instruction, link, safety, and provenance review",No file-specific defect identified during subsystem audit.,None beyond applicable subsystem gates.
server,docs/INTERFACE_TEXT.md,documentation,documentation,inventory-reviewed; final subsystem gate pending,"inventory plus instruction, link, safety, and provenance review",No file-specific defect identified during subsystem audit.,None beyond applicable subsystem gates.
server,docs/LIVE_DATA_PRESENTATION.md,documentation,documentation,inventory-reviewed; final subsystem gate pending,"inventory plus instruction, link, safety, and provenance review",No file-specific defect identified during subsystem audit.,None beyond applicable subsystem gates.
server,docs/LIVE_SENSOR_PIPELINE.md,documentation,documentation,inventory-reviewed; final subsystem gate pending,"inventory plus instruction, link, safety, and provenance review",No file-specific defect identified during subsystem audit.,None beyond applicable subsystem gates.
server,docs/LOAD_TEST_RESULTS.md,documentation,documentation,inventory-reviewed; final subsystem gate pending,"inventory plus instruction, link, safety, and provenance review",No file-specific defect identified during subsystem audit.,None beyond applicable subsystem gates.
server,docs/MULTI_SENSOR_AGGREGATION.md,documentation,documentation,inventory-reviewed; final subsystem gate pending,"inventory plus instruction, link, safety, and provenance review",No file-specific defect identified during subsystem audit.,None beyond applicable subsystem gates.
server,docs/NETWORKING.md,documentation,documentation,inventory-reviewed; final subsystem gate pending,"inventory plus instruction, link, safety, and provenance review",No file-specific defect identified during subsystem audit.,None beyond applicable subsystem gates.
server,docs/NOTIFICATIONS.md,documentation,documentation,inventory-reviewed; final subsystem gate pending,"inventory plus instruction, link, safety, and provenance review",No file-specific defect identified during subsystem audit.,None beyond applicable subsystem gates.
server,docs/OPERATIONS.md,documentation,documentation,inventory-reviewed; final subsystem gate pending,"inventory plus instruction, link, safety, and provenance review",No file-specific defect identified during subsystem audit.,None beyond applicable subsystem gates.
server,docs/OTA_DEPLOYMENT_RECONCILIATION.md,documentation,documentation,inventory-reviewed; final subsystem gate pending,"inventory plus instruction, link, safety, and provenance review",No file-specific defect identified during subsystem audit.,None beyond applicable subsystem gates.
server,docs/OVERVIEW.md,documentation,documentation,inventory-reviewed; final subsystem gate pending,"inventory plus instruction, link, safety, and provenance review",No file-specific defect identified during subsystem audit.,None beyond applicable subsystem gates.
server,docs/PDF_IMPORT_STABILIZATION.md,documentation,documentation,inventory-reviewed; final subsystem gate pending,"inventory plus instruction, link, safety, and provenance review",No file-specific defect identified during subsystem audit.,None beyond applicable subsystem gates.
server,docs/PDF_PLAN_DROPDOWN_REPAIR_DEPLOYMENT.md,documentation,documentation,inventory-reviewed; final subsystem gate pending,"inventory plus instruction, link, safety, and provenance review",No file-specific defect identified during subsystem audit.,None beyond applicable subsystem gates.
server,docs/PDF_PLAN_DROPDOWN_REPAIR_ROOT_CAUSE.md,documentation,documentation,inventory-reviewed; final subsystem gate pending,"inventory plus instruction, link, safety, and provenance review",No file-specific defect identified during subsystem audit.,None beyond applicable subsystem gates.
server,docs/PDF_PLAN_DROPDOWN_REPAIR_TEST_MATRIX.md,documentation,documentation,inventory-reviewed; final subsystem gate pending,"inventory plus instruction, link, safety, and provenance review",No file-specific defect identified during subsystem audit.,None beyond applicable subsystem gates.
server,docs/PERMISSIONS.md,documentation,documentation,inventory-reviewed; final subsystem gate pending,"inventory plus instruction, link, safety, and provenance review",No file-specific defect identified during subsystem audit.,None beyond applicable subsystem gates.
server,docs/RATE_ENGINE.md,documentation,documentation,inventory-reviewed; final subsystem gate pending,"inventory plus instruction, link, safety, and provenance review",No file-specific defect identified during subsystem audit.,None beyond applicable subsystem gates.
server,docs/RATE_PLAN_LIFECYCLE.md,documentation,documentation,inventory-reviewed; final subsystem gate pending,"inventory plus instruction, link, safety, and provenance review",No file-specific defect identified during subsystem audit.,None beyond applicable subsystem gates.
server,docs/RATE_SOURCES.md,documentation,documentation,inventory-reviewed; final subsystem gate pending,"inventory plus instruction, link, safety, and provenance review",No file-specific defect identified during subsystem audit.,None beyond applicable subsystem gates.
server,docs/RATE_SOURCE_SECURITY.md,documentation,documentation,inventory-reviewed; final subsystem gate pending,"inventory plus instruction, link, safety, and provenance review",No file-specific defect identified during subsystem audit.,None beyond applicable subsystem gates.
server,docs/RATE_VERSIONING.md,documentation,documentation,inventory-reviewed; final subsystem gate pending,"inventory plus instruction, link, safety, and provenance review",No file-specific defect identified during subsystem audit.,None beyond applicable subsystem gates.
server,docs/SCE_BILL_PARSER.md,documentation,documentation,inventory-reviewed; final subsystem gate pending,"inventory plus instruction, link, safety, and provenance review",No file-specific defect identified during subsystem audit.,None beyond applicable subsystem gates.
server,docs/SCE_RATE_SYNC.md,documentation,documentation,inventory-reviewed; final subsystem gate pending,"inventory plus instruction, link, safety, and provenance review",No file-specific defect identified during subsystem audit.,None beyond applicable subsystem gates.
server,docs/SCE_SETUP.md,documentation,documentation,inventory-reviewed; final subsystem gate pending,"inventory plus instruction, link, safety, and provenance review",No file-specific defect identified during subsystem audit.,None beyond applicable subsystem gates.
server,docs/SECURITY.md,documentation,documentation,inventory-reviewed; final subsystem gate pending,"inventory plus instruction, link, safety, and provenance review",No file-specific defect identified during subsystem audit.,None beyond applicable subsystem gates.
server,docs/SENSOR_NETWORK_POLICY.md,documentation,documentation,inventory-reviewed; final subsystem gate pending,"inventory plus instruction, link, safety, and provenance review",No file-specific defect identified during subsystem audit.,None beyond applicable subsystem gates.
server,docs/SENSOR_STORAGE.md,documentation,documentation,inventory-reviewed; final subsystem gate pending,"inventory plus instruction, link, safety, and provenance review",No file-specific defect identified during subsystem audit.,None beyond applicable subsystem gates.
server,docs/SENSOR_STORAGE_TEST_MATRIX.md,documentation,documentation,inventory-reviewed; final subsystem gate pending,"inventory plus instruction, link, safety, and provenance review",No file-specific defect identified during subsystem audit.,None beyond applicable subsystem gates.
server,docs/SENSOR_TEST_MODE.md,documentation,documentation,inventory-reviewed; final subsystem gate pending,"inventory plus instruction, link, safety, and provenance review",No file-specific defect identified during subsystem audit.,None beyond applicable subsystem gates.
server,docs/SITE_ACCESS.md,documentation,documentation,inventory-reviewed; final subsystem gate pending,"inventory plus instruction, link, safety, and provenance review",No file-specific defect identified during subsystem audit.,None beyond applicable subsystem gates.
server,docs/SITE_MANAGEMENT.md,documentation,documentation,inventory-reviewed; final subsystem gate pending,"inventory plus instruction, link, safety, and provenance review",No file-specific defect identified during subsystem audit.,None beyond applicable subsystem gates.
server,docs/STATUS_INDICATORS.md,documentation,documentation,inventory-reviewed; final subsystem gate pending,"inventory plus instruction, link, safety, and provenance review",No file-specific defect identified during subsystem audit.,None beyond applicable subsystem gates.
server,docs/STATUS_LAYOUT_ACCESSIBILITY.md,documentation,documentation,inventory-reviewed; final subsystem gate pending,"inventory plus instruction, link, safety, and provenance review",No file-specific defect identified during subsystem audit.,None beyond applicable subsystem gates.
server,docs/STATUS_LAYOUT_ADMINISTRATION.md,documentation,documentation,inventory-reviewed; final subsystem gate pending,"inventory plus instruction, link, safety, and provenance review",No file-specific defect identified during subsystem audit.,None beyond applicable subsystem gates.
server,docs/STATUS_LAYOUT_ZONES.md,documentation,documentation,inventory-reviewed; final subsystem gate pending,"inventory plus instruction, link, safety, and provenance review",No file-specific defect identified during subsystem audit.,None beyond applicable subsystem gates.
server,docs/SYSTEM_HEALTH.md,documentation,documentation,inventory-reviewed; final subsystem gate pending,"inventory plus instruction, link, safety, and provenance review",No file-specific defect identified during subsystem audit.,None beyond applicable subsystem gates.
server,docs/TESTING.md,documentation,documentation,inventory-reviewed; final subsystem gate pending,"inventory plus instruction, link, safety, and provenance review",No file-specific defect identified during subsystem audit.,None beyond applicable subsystem gates.
server,docs/TIERED_AND_HYBRID_RATES.md,documentation,documentation,inventory-reviewed; final subsystem gate pending,"inventory plus instruction, link, safety, and provenance review",No file-specific defect identified during subsystem audit.,None beyond applicable subsystem gates.
server,docs/TROUBLESHOOTING.md,documentation,documentation,inventory-reviewed; final subsystem gate pending,"inventory plus instruction, link, safety, and provenance review",No file-specific defect identified during subsystem audit.,None beyond applicable subsystem gates.
server,docs/TRUE_NAS_DEPLOYMENT.md,documentation,documentation,inventory-reviewed; final subsystem gate pending,"inventory plus instruction, link, safety, and provenance review",No file-specific defect identified during subsystem audit.,None beyond applicable subsystem gates.
server,docs/UI_INFORMATION_ARCHITECTURE.md,documentation,documentation,inventory-reviewed; final subsystem gate pending,"inventory plus instruction, link, safety, and provenance review",No file-specific defect identified during subsystem audit.,None beyond applicable subsystem gates.
server,docs/USAGE_AND_COSTS.md,documentation,documentation,inventory-reviewed; final subsystem gate pending,"inventory plus instruction, link, safety, and provenance review",No file-specific defect identified during subsystem audit.,None beyond applicable subsystem gates.
server,docs/USAGE_IMPORTS.md,documentation,documentation,inventory-reviewed; final subsystem gate pending,"inventory plus instruction, link, safety, and provenance review",No file-specific defect identified during subsystem audit.,None beyond applicable subsystem gates.
server,docs/USER_MANAGEMENT.md,documentation,documentation,inventory-reviewed; final subsystem gate pending,"inventory plus instruction, link, safety, and provenance review",No file-specific defect identified during subsystem audit.,None beyond applicable subsystem gates.
server,docs/UTILITY_ACCOUNTS.md,documentation,documentation,inventory-reviewed; final subsystem gate pending,"inventory plus instruction, link, safety, and provenance review",No file-specific defect identified during subsystem audit.,None beyond applicable subsystem gates.
server,docs/UTILITY_BILL_IMPORTS.md,documentation,documentation,inventory-reviewed; final subsystem gate pending,"inventory plus instruction, link, safety, and provenance review",No file-specific defect identified during subsystem audit.,None beyond applicable subsystem gates.
server,docs/frontend-replacement/architecture.md,documentation,documentation,inventory-reviewed; final subsystem gate pending,"inventory plus instruction, link, safety, and provenance review",No file-specific defect identified during subsystem audit.,None beyond applicable subsystem gates.
server,docs/frontend-replacement/backend-compatibility.md,documentation,documentation,inventory-reviewed; final subsystem gate pending,"inventory plus instruction, link, safety, and provenance review",No file-specific defect identified during subsystem audit.,None beyond applicable subsystem gates.
server,docs/frontend-replacement/cutover-and-rollback.md,documentation,documentation,inventory-reviewed; final subsystem gate pending,"inventory plus instruction, link, safety, and provenance review",No file-specific defect identified during subsystem audit.,None beyond applicable subsystem gates.
server,docs/frontend-replacement/feature-parity.md,documentation,documentation,inventory-reviewed; final subsystem gate pending,"inventory plus instruction, link, safety, and provenance review",No file-specific defect identified during subsystem audit.,None beyond applicable subsystem gates.
server,docs/frontend-replacement/layout-stabilization.md,documentation,documentation,inventory-reviewed; final subsystem gate pending,"inventory plus instruction, link, safety, and provenance review",No file-specific defect identified during subsystem audit.,None beyond applicable subsystem gates.
server,docs/frontend-replacement/legacy-removal-report.md,documentation,documentation,inventory-reviewed; final subsystem gate pending,"inventory plus instruction, link, safety, and provenance review",No file-specific defect identified during subsystem audit.,None beyond applicable subsystem gates.
server,docs/frontend-replacement/manual-verification.md,documentation,documentation,inventory-reviewed; final subsystem gate pending,"inventory plus instruction, link, safety, and provenance review",No file-specific defect identified during subsystem audit.,None beyond applicable subsystem gates.
server,docs/implementation/rate-assignment-version-adjustment-source-check.md,documentation,documentation,inventory-reviewed; final subsystem gate pending,"inventory plus instruction, link, safety, and provenance review",No file-specific defect identified during subsystem audit.,None beyond applicable subsystem gates.
server,docs/implementation/weekly-sce-rates-and-custom-plans.md,documentation,documentation,inventory-reviewed; final subsystem gate pending,"inventory plus instruction, link, safety, and provenance review",No file-specific defect identified during subsystem audit.,None beyond applicable subsystem gates.
server,docs/rate-automation-and-custom-plans.md,documentation,documentation,inventory-reviewed; final subsystem gate pending,"inventory plus instruction, link, safety, and provenance review",No file-specific defect identified during subsystem audit.,None beyond applicable subsystem gates.
server,docs/screenshots/dashboard-corrections/alerts-and-notifications.png,binary-reference,documentation,inventory-reviewed; final subsystem gate pending,inventory plus visual/content-specific regression gate,No file-specific defect identified during subsystem audit.,None beyond applicable subsystem gates.
server,docs/screenshots/dashboard-corrections/application-logs.png,binary-reference,documentation,inventory-reviewed; final subsystem gate pending,inventory plus visual/content-specific regression gate,No file-specific defect identified during subsystem audit.,None beyond applicable subsystem gates.
server,docs/screenshots/dashboard-corrections/archived-sensors.png,binary-reference,documentation,inventory-reviewed; final subsystem gate pending,inventory plus visual/content-specific regression gate,No file-specific defect identified during subsystem audit.,None beyond applicable subsystem gates.
server,docs/screenshots/dashboard-corrections/device-management.png,binary-reference,documentation,inventory-reviewed; final subsystem gate pending,inventory plus visual/content-specific regression gate,No file-specific defect identified during subsystem audit.,None beyond applicable subsystem gates.
server,docs/screenshots/dashboard-corrections/sensor-removal-confirmation.png,binary-reference,documentation,inventory-reviewed; final subsystem gate pending,inventory plus visual/content-specific regression gate,No file-specific defect identified during subsystem audit.,None beyond applicable subsystem gates.
server,docs/screenshots/data-backups-repaired.png,binary-reference,documentation,inventory-reviewed; final subsystem gate pending,inventory plus visual/content-specific regression gate,No file-specific defect identified during subsystem audit.,None beyond applicable subsystem gates.
server,docs/screenshots/frontend-layout/after/compose-final-billing-expanded-1920x1080-zoom100.png,binary-reference,documentation,inventory-reviewed; final subsystem gate pending,inventory plus visual/content-specific regression gate,No file-specific defect identified during subsystem audit.,None beyond applicable subsystem gates.
server,docs/screenshots/frontend-layout/after/compose-final-billing-versions-1920x1080-zoom100.png,binary-reference,documentation,inventory-reviewed; final subsystem gate pending,inventory plus visual/content-specific regression gate,No file-specific defect identified during subsystem audit.,None beyond applicable subsystem gates.
server,docs/screenshots/frontend-layout/after/compose-final-history-1920x1080-zoom100.png,binary-reference,documentation,inventory-reviewed; final subsystem gate pending,inventory plus visual/content-specific regression gate,No file-specific defect identified during subsystem audit.,None beyond applicable subsystem gates.
server,docs/screenshots/frontend-layout/after/compose-final-runtime-evidence.json,documentation,documentation,inventory-reviewed; final subsystem gate pending,"inventory plus instruction, link, safety, and provenance review",No file-specific defect identified during subsystem audit.,None beyond applicable subsystem gates.
server,docs/screenshots/frontend-layout/after/dev-billing-expanded-1024x768-zoom100.png,binary-reference,documentation,inventory-reviewed; final subsystem gate pending,inventory plus visual/content-specific regression gate,No file-specific defect identified during subsystem audit.,None beyond applicable subsystem gates.
server,docs/screenshots/frontend-layout/after/dev-billing-expanded-1440x900-zoom100.png,binary-reference,documentation,inventory-reviewed; final subsystem gate pending,inventory plus visual/content-specific regression gate,No file-specific defect identified during subsystem audit.,None beyond applicable subsystem gates.
server,docs/screenshots/frontend-layout/after/dev-billing-expanded-1920x1080-zoom100.png,binary-reference,documentation,inventory-reviewed; final subsystem gate pending,inventory plus visual/content-specific regression gate,No file-specific defect identified during subsystem audit.,None beyond applicable subsystem gates.
server,docs/screenshots/frontend-layout/after/dev-billing-expanded-2560x1440-zoom100.png,binary-reference,documentation,inventory-reviewed; final subsystem gate pending,inventory plus visual/content-specific regression gate,No file-specific defect identified during subsystem audit.,None beyond applicable subsystem gates.
server,docs/screenshots/frontend-layout/after/dev-billing-expanded-3440x1440-zoom100.png,binary-reference,documentation,inventory-reviewed; final subsystem gate pending,inventory plus visual/content-specific regression gate,No file-specific defect identified during subsystem audit.,None beyond applicable subsystem gates.
server,docs/screenshots/frontend-layout/after/dev-billing-expanded-390x844-zoom100.png,binary-reference,documentation,inventory-reviewed; final subsystem gate pending,inventory plus visual/content-specific regression gate,No file-specific defect identified during subsystem audit.,None beyond applicable subsystem gates.
server,docs/screenshots/frontend-layout/after/dev-billing-expanded-768x1024-zoom100.png,binary-reference,documentation,inventory-reviewed; final subsystem gate pending,inventory plus visual/content-specific regression gate,No file-specific defect identified during subsystem audit.,None beyond applicable subsystem gates.
server,docs/screenshots/frontend-layout/after/dev-billing-versions-1920x1080-zoom100.png,binary-reference,documentation,inventory-reviewed; final subsystem gate pending,inventory plus visual/content-specific regression gate,No file-specific defect identified during subsystem audit.,None beyond applicable subsystem gates.
server,docs/screenshots/frontend-layout/after/dev-billing-versions-1920x1080-zoom125.png,binary-reference,documentation,inventory-reviewed; final subsystem gate pending,inventory plus visual/content-specific regression gate,No file-specific defect identified during subsystem audit.,None beyond applicable subsystem gates.
server,docs/screenshots/frontend-layout/after/dev-billing-versions-1920x1080-zoom150.png,binary-reference,documentation,inventory-reviewed; final subsystem gate pending,inventory plus visual/content-specific regression gate,No file-specific defect identified during subsystem audit.,None beyond applicable subsystem gates.
server,docs/screenshots/frontend-layout/after/dev-billing-versions-1920x1080-zoom80.png,binary-reference,documentation,inventory-reviewed; final subsystem gate pending,inventory plus visual/content-specific regression gate,No file-specific defect identified during subsystem audit.,None beyond applicable subsystem gates.
server,docs/screenshots/frontend-layout/after/dev-history-1920x1080-zoom100.png,binary-reference,documentation,inventory-reviewed; final subsystem gate pending,inventory plus visual/content-specific regression gate,No file-specific defect identified during subsystem audit.,None beyond applicable subsystem gates.
server,docs/screenshots/frontend-layout/after/dev-history-1920x1080-zoom125.png,binary-reference,documentation,inventory-reviewed; final subsystem gate pending,inventory plus visual/content-specific regression gate,No file-specific defect identified during subsystem audit.,None beyond applicable subsystem gates.
server,docs/screenshots/frontend-layout/after/dev-history-1920x1080-zoom150.png,binary-reference,documentation,inventory-reviewed; final subsystem gate pending,inventory plus visual/content-specific regression gate,No file-specific defect identified during subsystem audit.,None beyond applicable subsystem gates.
server,docs/screenshots/frontend-layout/after/dev-history-1920x1080-zoom80.png,binary-reference,documentation,inventory-reviewed; final subsystem gate pending,inventory plus visual/content-specific regression gate,No file-specific defect identified during subsystem audit.,None beyond applicable subsystem gates.
server,docs/screenshots/frontend-layout/after/dev-runtime-evidence.json,documentation,documentation,inventory-reviewed; final subsystem gate pending,"inventory plus instruction, link, safety, and provenance review",No file-specific defect identified during subsystem audit.,None beyond applicable subsystem gates.
server,docs/screenshots/frontend-layout/before/compose-billing-expanded-1920x1080-zoom100.png,binary-reference,documentation,inventory-reviewed; final subsystem gate pending,inventory plus visual/content-specific regression gate,No file-specific defect identified during subsystem audit.,None beyond applicable subsystem gates.
server,docs/screenshots/frontend-layout/before/compose-billing-versions-1920x1080-zoom100.png,binary-reference,documentation,inventory-reviewed; final subsystem gate pending,inventory plus visual/content-specific regression gate,No file-specific defect identified during subsystem audit.,None beyond applicable subsystem gates.
server,docs/screenshots/frontend-layout/before/compose-history-1920x1080-zoom100.png,binary-reference,documentation,inventory-reviewed; final subsystem gate pending,inventory plus visual/content-specific regression gate,No file-specific defect identified during subsystem audit.,None beyond applicable subsystem gates.
server,docs/screenshots/frontend-layout/before/compose-runtime-evidence.json,documentation,documentation,inventory-reviewed; final subsystem gate pending,"inventory plus instruction, link, safety, and provenance review",No file-specific defect identified during subsystem audit.,None beyond applicable subsystem gates.
server,docs/screenshots/frontend-layout/before/container-billing-expanded-1920x1080-zoom100.png,binary-reference,documentation,inventory-reviewed; final subsystem gate pending,inventory plus visual/content-specific regression gate,No file-specific defect identified during subsystem audit.,None beyond applicable subsystem gates.
server,docs/screenshots/frontend-layout/before/container-billing-versions-1920x1080-zoom100.png,binary-reference,documentation,inventory-reviewed; final subsystem gate pending,inventory plus visual/content-specific regression gate,No file-specific defect identified during subsystem audit.,None beyond applicable subsystem gates.
server,docs/screenshots/frontend-layout/before/container-history-1920x1080-zoom100.png,binary-reference,documentation,inventory-reviewed; final subsystem gate pending,inventory plus visual/content-specific regression gate,No file-specific defect identified during subsystem audit.,None beyond applicable subsystem gates.
server,docs/screenshots/frontend-layout/before/container-runtime-evidence.json,documentation,documentation,inventory-reviewed; final subsystem gate pending,"inventory plus instruction, link, safety, and provenance review",No file-specific defect identified during subsystem audit.,None beyond applicable subsystem gates.
server,docs/screenshots/frontend-layout/before/dev-billing-expanded-1024x768-zoom100.png,binary-reference,documentation,inventory-reviewed; final subsystem gate pending,inventory plus visual/content-specific regression gate,No file-specific defect identified during subsystem audit.,None beyond applicable subsystem gates.
server,docs/screenshots/frontend-layout/before/dev-billing-expanded-1440x900-zoom100.png,binary-reference,documentation,inventory-reviewed; final subsystem gate pending,inventory plus visual/content-specific regression gate,No file-specific defect identified during subsystem audit.,None beyond applicable subsystem gates.
server,docs/screenshots/frontend-layout/before/dev-billing-expanded-1920x1080-zoom100.png,binary-reference,documentation,inventory-reviewed; final subsystem gate pending,inventory plus visual/content-specific regression gate,No file-specific defect identified during subsystem audit.,None beyond applicable subsystem gates.
server,docs/screenshots/frontend-layout/before/dev-billing-expanded-2560x1440-zoom100.png,binary-reference,documentation,inventory-reviewed; final subsystem gate pending,inventory plus visual/content-specific regression gate,No file-specific defect identified during subsystem audit.,None beyond applicable subsystem gates.
server,docs/screenshots/frontend-layout/before/dev-billing-expanded-3440x1440-zoom100.png,binary-reference,documentation,inventory-reviewed; final subsystem gate pending,inventory plus visual/content-specific regression gate,No file-specific defect identified during subsystem audit.,None beyond applicable subsystem gates.
server,docs/screenshots/frontend-layout/before/dev-billing-expanded-390x844-zoom100.png,binary-reference,documentation,inventory-reviewed; final subsystem gate pending,inventory plus visual/content-specific regression gate,No file-specific defect identified during subsystem audit.,None beyond applicable subsystem gates.
server,docs/screenshots/frontend-layout/before/dev-billing-expanded-768x1024-zoom100.png,binary-reference,documentation,inventory-reviewed; final subsystem gate pending,inventory plus visual/content-specific regression gate,No file-specific defect identified during subsystem audit.,None beyond applicable subsystem gates.
server,docs/screenshots/frontend-layout/before/dev-billing-versions-1920x1080-zoom100.png,binary-reference,documentation,inventory-reviewed; final subsystem gate pending,inventory plus visual/content-specific regression gate,No file-specific defect identified during subsystem audit.,None beyond applicable subsystem gates.
server,docs/screenshots/frontend-layout/before/dev-billing-versions-1920x1080-zoom125.png,binary-reference,documentation,inventory-reviewed; final subsystem gate pending,inventory plus visual/content-specific regression gate,No file-specific defect identified during subsystem audit.,None beyond applicable subsystem gates.
server,docs/screenshots/frontend-layout/before/dev-billing-versions-1920x1080-zoom150.png,binary-reference,documentation,inventory-reviewed; final subsystem gate pending,inventory plus visual/content-specific regression gate,No file-specific defect identified during subsystem audit.,None beyond applicable subsystem gates.
server,docs/screenshots/frontend-layout/before/dev-billing-versions-1920x1080-zoom80.png,binary-reference,documentation,inventory-reviewed; final subsystem gate pending,inventory plus visual/content-specific regression gate,No file-specific defect identified during subsystem audit.,None beyond applicable subsystem gates.
server,docs/screenshots/frontend-layout/before/dev-history-1920x1080-zoom100.png,binary-reference,documentation,inventory-reviewed; final subsystem gate pending,inventory plus visual/content-specific regression gate,No file-specific defect identified during subsystem audit.,None beyond applicable subsystem gates.
server,docs/screenshots/frontend-layout/before/dev-history-1920x1080-zoom125.png,binary-reference,documentation,inventory-reviewed; final subsystem gate pending,inventory plus visual/content-specific regression gate,No file-specific defect identified during subsystem audit.,None beyond applicable subsystem gates.
server,docs/screenshots/frontend-layout/before/dev-history-1920x1080-zoom150.png,binary-reference,documentation,inventory-reviewed; final subsystem gate pending,inventory plus visual/content-specific regression gate,No file-specific defect identified during subsystem audit.,None beyond applicable subsystem gates.
server,docs/screenshots/frontend-layout/before/dev-history-1920x1080-zoom80.png,binary-reference,documentation,inventory-reviewed; final subsystem gate pending,inventory plus visual/content-specific regression gate,No file-specific defect identified during subsystem audit.,None beyond applicable subsystem gates.
server,docs/screenshots/frontend-layout/before/dev-runtime-evidence.json,documentation,documentation,inventory-reviewed; final subsystem gate pending,"inventory plus instruction, link, safety, and provenance review",No file-specific defect identified during subsystem audit.,None beyond applicable subsystem gates.
server,docs/screenshots/frontend-layout/before/preview-billing-expanded-1920x1080-zoom100.png,binary-reference,documentation,inventory-reviewed; final subsystem gate pending,inventory plus visual/content-specific regression gate,No file-specific defect identified during subsystem audit.,None beyond applicable subsystem gates.
server,docs/screenshots/frontend-layout/before/preview-billing-versions-1920x1080-zoom100.png,binary-reference,documentation,inventory-reviewed; final subsystem gate pending,inventory plus visual/content-specific regression gate,No file-specific defect identified during subsystem audit.,None beyond applicable subsystem gates.
server,docs/screenshots/frontend-layout/before/preview-history-1920x1080-zoom100.png,binary-reference,documentation,inventory-reviewed; final subsystem gate pending,inventory plus visual/content-specific regression gate,No file-specific defect identified during subsystem audit.,None beyond applicable subsystem gates.
server,docs/screenshots/frontend-layout/before/preview-runtime-evidence.json,documentation,documentation,inventory-reviewed; final subsystem gate pending,"inventory plus instruction, link, safety, and provenance review",No file-specific defect identified during subsystem audit.,None beyond applicable subsystem gates.
server,docs/screenshots/history-cost-aggregation.png,binary-reference,documentation,inventory-reviewed; final subsystem gate pending,inventory plus visual/content-specific regression gate,No file-specific defect identified during subsystem audit.,None beyond applicable subsystem gates.
server,docs/screenshots/history-coverage-formatting.png,binary-reference,documentation,inventory-reviewed; final subsystem gate pending,inventory plus visual/content-specific regression gate,No file-specific defect identified during subsystem audit.,None beyond applicable subsystem gates.
server,docs/screenshots/home-live-receipt-precision.png,binary-reference,documentation,inventory-reviewed; final subsystem gate pending,inventory plus visual/content-specific regression gate,No file-specific defect identified during subsystem audit.,None beyond applicable subsystem gates.
server,docs/screenshots/modern-ui/sites-desktop-compact.png,binary-reference,documentation,inventory-reviewed; final subsystem gate pending,inventory plus visual/content-specific regression gate,No file-specific defect identified during subsystem audit.,None beyond applicable subsystem gates.
server,docs/screenshots/modern-ui/sites-desktop-wide-after-create.png,binary-reference,documentation,inventory-reviewed; final subsystem gate pending,inventory plus visual/content-specific regression gate,No file-specific defect identified during subsystem audit.,None beyond applicable subsystem gates.
server,docs/screenshots/modern-ui/sites-desktop-wide-before.png,binary-reference,documentation,inventory-reviewed; final subsystem gate pending,inventory plus visual/content-specific regression gate,No file-specific defect identified during subsystem audit.,None beyond applicable subsystem gates.
server,docs/screenshots/modern-ui/sites-mobile-drawer.png,binary-reference,documentation,inventory-reviewed; final subsystem gate pending,inventory plus visual/content-specific regression gate,No file-specific defect identified during subsystem audit.,None beyond applicable subsystem gates.
server,docs/screenshots/modern-ui/sites-mobile.png,binary-reference,documentation,inventory-reviewed; final subsystem gate pending,inventory plus visual/content-specific regression gate,No file-specific defect identified during subsystem audit.,None beyond applicable subsystem gates.
server,docs/screenshots/modern-ui/sites-tablet.png,binary-reference,documentation,inventory-reviewed; final subsystem gate pending,inventory plus visual/content-specific regression gate,No file-specific defect identified during subsystem audit.,None beyond applicable subsystem gates.
server,docs/screenshots/responsive-history-cost.png,binary-reference,documentation,inventory-reviewed; final subsystem gate pending,inventory plus visual/content-specific regression gate,No file-specific defect identified during subsystem audit.,None beyond applicable subsystem gates.
server,docs/screenshots/responsive-history-energy-and-cost.png,binary-reference,documentation,inventory-reviewed; final subsystem gate pending,inventory plus visual/content-specific regression gate,No file-specific defect identified during subsystem audit.,None beyond applicable subsystem gates.
server,docs/screenshots/responsive-history-energy.png,binary-reference,documentation,inventory-reviewed; final subsystem gate pending,inventory plus visual/content-specific regression gate,No file-specific defect identified during subsystem audit.,None beyond applicable subsystem gates.
server,docs/screenshots/responsive-history-power.png,binary-reference,documentation,inventory-reviewed; final subsystem gate pending,inventory plus visual/content-specific regression gate,No file-specific defect identified during subsystem audit.,None beyond applicable subsystem gates.
server,docs/screenshots/responsive-home-1024x768.png,binary-reference,documentation,inventory-reviewed; final subsystem gate pending,inventory plus visual/content-specific regression gate,No file-specific defect identified during subsystem audit.,None beyond applicable subsystem gates.
server,docs/screenshots/responsive-home-1920x1080.png,binary-reference,documentation,inventory-reviewed; final subsystem gate pending,inventory plus visual/content-specific regression gate,No file-specific defect identified during subsystem audit.,None beyond applicable subsystem gates.
server,docs/screenshots/responsive-home-390x844.png,binary-reference,documentation,inventory-reviewed; final subsystem gate pending,inventory plus visual/content-specific regression gate,No file-specific defect identified during subsystem audit.,None beyond applicable subsystem gates.
server,docs/screenshots/responsive-home-500x900.png,binary-reference,documentation,inventory-reviewed; final subsystem gate pending,inventory plus visual/content-specific regression gate,No file-specific defect identified during subsystem audit.,None beyond applicable subsystem gates.
server,docs/screenshots/responsive-home-no-active-plan.png,binary-reference,documentation,inventory-reviewed; final subsystem gate pending,inventory plus visual/content-specific regression gate,No file-specific defect identified during subsystem audit.,None beyond applicable subsystem gates.
server,docs/screenshots/responsive-home-sensor-health-hidden.png,binary-reference,documentation,inventory-reviewed; final subsystem gate pending,inventory plus visual/content-specific regression gate,No file-specific defect identified during subsystem audit.,None beyond applicable subsystem gates.
server,docs/screenshots/responsive-home-sidebar-collapsed.png,binary-reference,documentation,inventory-reviewed; final subsystem gate pending,inventory plus visual/content-specific regression gate,No file-specific defect identified during subsystem audit.,None beyond applicable subsystem gates.
server,docs/screenshots/responsive-home-sidebar-expanded.png,binary-reference,documentation,inventory-reviewed; final subsystem gate pending,inventory plus visual/content-specific regression gate,No file-specific defect identified during subsystem audit.,None beyond applicable subsystem gates.
server,docs/screenshots/sensor-health-after-desktop.png,binary-reference,documentation,inventory-reviewed; final subsystem gate pending,inventory plus visual/content-specific regression gate,No file-specific defect identified during subsystem audit.,None beyond applicable subsystem gates.
server,docs/screenshots/sensor-health-after-mobile.png,binary-reference,documentation,inventory-reviewed; final subsystem gate pending,inventory plus visual/content-specific regression gate,No file-specific defect identified during subsystem audit.,None beyond applicable subsystem gates.
server,docs/screenshots/sensor-health-before.png,binary-reference,documentation,inventory-reviewed; final subsystem gate pending,inventory plus visual/content-specific regression gate,No file-specific defect identified during subsystem audit.,None beyond applicable subsystem gates.
server,docs/screenshots/sensor-network-policy.png,binary-reference,documentation,inventory-reviewed; final subsystem gate pending,inventory plus visual/content-specific regression gate,No file-specific defect identified during subsystem audit.,None beyond applicable subsystem gates.
server,docs/screenshots/status-indicators/default-desktop.png,binary-reference,documentation,inventory-reviewed; final subsystem gate pending,inventory plus visual/content-specific regression gate,No file-specific defect identified during subsystem audit.,None beyond applicable subsystem gates.
server,docs/screenshots/status-indicators/default-mobile-preview.png,binary-reference,documentation,inventory-reviewed; final subsystem gate pending,inventory plus visual/content-specific regression gate,No file-specific defect identified during subsystem audit.,None beyond applicable subsystem gates.
server,docs/screenshots/status-indicators/default-tablet.png,binary-reference,documentation,inventory-reviewed; final subsystem gate pending,inventory plus visual/content-specific regression gate,No file-specific defect identified during subsystem audit.,None beyond applicable subsystem gates.
server,docs/screenshots/status-indicators/empty-zone-mobile.png,binary-reference,documentation,inventory-reviewed; final subsystem gate pending,inventory plus visual/content-specific regression gate,No file-specific defect identified during subsystem audit.,None beyond applicable subsystem gates.
server,docs/screenshots/status-indicators/enrollment-desktop.png,binary-reference,documentation,inventory-reviewed; final subsystem gate pending,inventory plus visual/content-specific regression gate,No file-specific defect identified during subsystem audit.,None beyond applicable subsystem gates.
server,docs/screenshots/status-indicators/history-data-desktop.png,binary-reference,documentation,inventory-reviewed; final subsystem gate pending,inventory plus visual/content-specific regression gate,No file-specific defect identified during subsystem audit.,None beyond applicable subsystem gates.
server,docs/screenshots/status-indicators/history-no-data.png,binary-reference,documentation,inventory-reviewed; final subsystem gate pending,inventory plus visual/content-specific regression gate,No file-specific defect identified during subsystem audit.,None beyond applicable subsystem gates.
server,docs/screenshots/status-indicators/long-label-desktop.png,binary-reference,documentation,inventory-reviewed; final subsystem gate pending,inventory plus visual/content-specific regression gate,No file-specific defect identified during subsystem audit.,None beyond applicable subsystem gates.
server,docs/screenshots/status-indicators/overview-no-sensors.png,binary-reference,documentation,inventory-reviewed; final subsystem gate pending,inventory plus visual/content-specific regression gate,No file-specific defect identified during subsystem audit.,None beyond applicable subsystem gates.
server,docs/screenshots/status-indicators/overview-reporting-desktop.png,binary-reference,documentation,inventory-reviewed; final subsystem gate pending,inventory plus visual/content-specific regression gate,No file-specific defect identified during subsystem audit.,None beyond applicable subsystem gates.
server,docs/screenshots/status-indicators/published-mobile.png,binary-reference,documentation,inventory-reviewed; final subsystem gate pending,inventory plus visual/content-specific regression gate,No file-specific defect identified during subsystem audit.,None beyond applicable subsystem gates.
server,docs/screenshots/status-indicators/system-health-desktop.png,binary-reference,documentation,inventory-reviewed; final subsystem gate pending,inventory plus visual/content-specific regression gate,No file-specific defect identified during subsystem audit.,None beyond applicable subsystem gates.
server,docs/screenshots/status-indicators/system-health-failure.png,binary-reference,documentation,inventory-reviewed; final subsystem gate pending,inventory plus visual/content-specific regression gate,No file-specific defect identified during subsystem audit.,None beyond applicable subsystem gates.
server,docs/screenshots/strict-sce-bill-review.png,binary-reference,documentation,inventory-reviewed; final subsystem gate pending,inventory plus visual/content-specific regression gate,No file-specific defect identified during subsystem audit.,None beyond applicable subsystem gates.
server,docs/screenshots/utility-account-management.png,binary-reference,documentation,inventory-reviewed; final subsystem gate pending,inventory plus visual/content-specific regression gate,No file-specific defect identified during subsystem audit.,None beyond applicable subsystem gates.
server,docs/screenshots/utility-bill-import-current-plan-repaired.png,binary-reference,documentation,inventory-reviewed; final subsystem gate pending,inventory plus visual/content-specific regression gate,No file-specific defect identified during subsystem audit.,None beyond applicable subsystem gates.
server,docs/screenshots/utility-bill-import-tier-preview.png,binary-reference,documentation,inventory-reviewed; final subsystem gate pending,inventory plus visual/content-specific regression gate,No file-specific defect identified during subsystem audit.,None beyond applicable subsystem gates.
server,docs/single-pass-repair/acceptance.md,documentation,documentation,inventory-reviewed; final subsystem gate pending,"inventory plus instruction, link, safety, and provenance review",No file-specific defect identified during subsystem audit.,None beyond applicable subsystem gates.
server,docs/single-pass-repair/baseline.md,documentation,documentation,inventory-reviewed; final subsystem gate pending,"inventory plus instruction, link, safety, and provenance review",No file-specific defect identified during subsystem audit.,None beyond applicable subsystem gates.
server,docs/single-pass-repair/deployment.md,documentation,documentation,inventory-reviewed; final subsystem gate pending,"inventory plus instruction, link, safety, and provenance review",No file-specific defect identified during subsystem audit.,None beyond applicable subsystem gates.
server,docs/single-pass-repair/implementation.md,documentation,documentation,inventory-reviewed; final subsystem gate pending,"inventory plus instruction, link, safety, and provenance review",No file-specific defect identified during subsystem audit.,None beyond applicable subsystem gates.
server,docs/single-pass-repair/root-cause.md,documentation,documentation,inventory-reviewed; final subsystem gate pending,"inventory plus instruction, link, safety, and provenance review",No file-specific defect identified during subsystem audit.,None beyond applicable subsystem gates.
server,docs/single-pass-repair/test-matrix.md,documentation,documentation,inventory-reviewed; final subsystem gate pending,"inventory plus instruction, link, safety, and provenance review",No file-specific defect identified during subsystem audit.,None beyond applicable subsystem gates.
server,docs/single-pass-repair/test-results.md,documentation,documentation,inventory-reviewed; final subsystem gate pending,"inventory plus instruction, link, safety, and provenance review",No file-specific defect identified during subsystem audit.,None beyond applicable subsystem gates.
server,firmware/.gitkeep,first-party-text,repository-infrastructure,inventory-reviewed; final subsystem gate pending,"inventory plus static analysis, compile/lint, and subsystem regression gates",No file-specific defect identified during subsystem audit.,None beyond applicable subsystem gates.
server,frontend-next/e2e/auth-layout.spec.ts,test-or-simulator,production-frontend,inventory-reviewed; final subsystem gate pending,"inventory plus static analysis, compile/lint, and subsystem regression gates",No file-specific defect identified during subsystem audit.,None beyond applicable subsystem gates.
server,frontend-next/e2e/auth-layout.spec.ts-snapshots/sign-in-repaired-desktop-win32.png,binary-reference,production-frontend,inventory-reviewed; final subsystem gate pending,inventory plus visual/content-specific regression gate,No file-specific defect identified during subsystem audit.,None beyond applicable subsystem gates.
server,frontend-next/e2e/auth-layout.spec.ts-snapshots/sign-in-repaired-mobile-win32.png,binary-reference,production-frontend,inventory-reviewed; final subsystem gate pending,inventory plus visual/content-specific regression gate,No file-specific defect identified during subsystem audit.,None beyond applicable subsystem gates.
server,frontend-next/e2e/backup-lifecycle.spec.ts,test-or-simulator,production-frontend,inventory-reviewed; final subsystem gate pending,"inventory plus static analysis, compile/lint, and subsystem regression gates",No file-specific defect identified during subsystem audit.,None beyond applicable subsystem gates.
server,frontend-next/e2e/current-plan-status.spec.ts,test-or-simulator,production-frontend,inventory-reviewed; final subsystem gate pending,"inventory plus static analysis, compile/lint, and subsystem regression gates",No file-specific defect identified during subsystem audit.,None beyond applicable subsystem gates.
server,frontend-next/e2e/layout-diagnostics.spec.ts,test-or-simulator,production-frontend,inventory-reviewed; final subsystem gate pending,"inventory plus static analysis, compile/lint, and subsystem regression gates",No file-specific defect identified during subsystem audit.,None beyond applicable subsystem gates.
server,frontend-next/e2e/layout-diagnostics.spec.ts-snapshots/billing-repaired-desktop-light-win32.png,binary-reference,production-frontend,inventory-reviewed; final subsystem gate pending,inventory plus visual/content-specific regression gate,No file-specific defect identified during subsystem audit.,None beyond applicable subsystem gates.
server,frontend-next/e2e/layout-diagnostics.spec.ts-snapshots/billing-repaired-desktop-win32.png,binary-reference,production-frontend,inventory-reviewed; final subsystem gate pending,inventory plus visual/content-specific regression gate,No file-specific defect identified during subsystem audit.,None beyond applicable subsystem gates.
server,frontend-next/e2e/layout-diagnostics.spec.ts-snapshots/billing-repaired-mobile-win32.png,binary-reference,production-frontend,inventory-reviewed; final subsystem gate pending,inventory plus visual/content-specific regression gate,No file-specific defect identified during subsystem audit.,None beyond applicable subsystem gates.
server,frontend-next/e2e/layout-diagnostics.spec.ts-snapshots/history-repaired-desktop-light-win32.png,binary-reference,production-frontend,inventory-reviewed; final subsystem gate pending,inventory plus visual/content-specific regression gate,No file-specific defect identified during subsystem audit.,None beyond applicable subsystem gates.
server,frontend-next/e2e/layout-diagnostics.spec.ts-snapshots/history-repaired-desktop-win32.png,binary-reference,production-frontend,inventory-reviewed; final subsystem gate pending,inventory plus visual/content-specific regression gate,No file-specific defect identified during subsystem audit.,None beyond applicable subsystem gates.
server,frontend-next/e2e/layout-diagnostics.spec.ts-snapshots/history-repaired-mobile-win32.png,binary-reference,production-frontend,inventory-reviewed; final subsystem gate pending,inventory plus visual/content-specific regression gate,No file-specific defect identified during subsystem audit.,None beyond applicable subsystem gates.
server,frontend-next/e2e/notifications.spec.ts,test-or-simulator,production-frontend,inventory-reviewed; final subsystem gate pending,"inventory plus static analysis, compile/lint, and subsystem regression gates",No file-specific defect identified during subsystem audit.,None beyond applicable subsystem gates.
server,frontend-next/e2e/responsive-charts-layout.spec.ts,test-or-simulator,production-frontend,inventory-reviewed; final subsystem gate pending,"inventory plus static analysis, compile/lint, and subsystem regression gates",No file-specific defect identified during subsystem audit.,None beyond applicable subsystem gates.
server,frontend-next/e2e/sensor-health-compact.spec.ts,test-or-simulator,production-frontend,inventory-reviewed; final subsystem gate pending,"inventory plus static analysis, compile/lint, and subsystem regression gates",No file-specific defect identified during subsystem audit.,None beyond applicable subsystem gates.
server,frontend-next/e2e/sensor-health-compact.spec.ts-snapshots/sensor-health-compact-multiple-desktop-light-win32.png,binary-reference,production-frontend,inventory-reviewed; final subsystem gate pending,inventory plus visual/content-specific regression gate,No file-specific defect identified during subsystem audit.,None beyond applicable subsystem gates.
server,frontend-next/e2e/sensor-health-compact.spec.ts-snapshots/sensor-health-compact-multiple-desktop-win32.png,binary-reference,production-frontend,inventory-reviewed; final subsystem gate pending,inventory plus visual/content-specific regression gate,No file-specific defect identified during subsystem audit.,None beyond applicable subsystem gates.
server,frontend-next/e2e/sensor-health-compact.spec.ts-snapshots/sensor-health-compact-multiple-firefox-win32.png,binary-reference,production-frontend,inventory-reviewed; final subsystem gate pending,inventory plus visual/content-specific regression gate,No file-specific defect identified during subsystem audit.,None beyond applicable subsystem gates.
server,frontend-next/e2e/sensor-health-compact.spec.ts-snapshots/sensor-health-compact-multiple-mobile-win32.png,binary-reference,production-frontend,inventory-reviewed; final subsystem gate pending,inventory plus visual/content-specific regression gate,No file-specific defect identified during subsystem audit.,None beyond applicable subsystem gates.
server,frontend-next/e2e/sensor-health-compact.spec.ts-snapshots/sensor-health-compact-multiple-tablet-win32.png,binary-reference,production-frontend,inventory-reviewed; final subsystem gate pending,inventory plus visual/content-specific regression gate,No file-specific defect identified during subsystem audit.,None beyond applicable subsystem gates.
server,frontend-next/e2e/sensor-health-compact.spec.ts-snapshots/sensor-health-compact-multiple-webkit-win32.png,binary-reference,production-frontend,inventory-reviewed; final subsystem gate pending,inventory plus visual/content-specific regression gate,No file-specific defect identified during subsystem audit.,None beyond applicable subsystem gates.
server,frontend-next/e2e/sensor-health-compact.spec.ts-snapshots/sensor-health-compact-single-desktop-light-win32.png,binary-reference,production-frontend,inventory-reviewed; final subsystem gate pending,inventory plus visual/content-specific regression gate,No file-specific defect identified during subsystem audit.,None beyond applicable subsystem gates.
server,frontend-next/e2e/sensor-health-compact.spec.ts-snapshots/sensor-health-compact-single-desktop-win32.png,binary-reference,production-frontend,inventory-reviewed; final subsystem gate pending,inventory plus visual/content-specific regression gate,No file-specific defect identified during subsystem audit.,None beyond applicable subsystem gates.
server,frontend-next/e2e/sensor-health-compact.spec.ts-snapshots/sensor-health-compact-single-firefox-win32.png,binary-reference,production-frontend,inventory-reviewed; final subsystem gate pending,inventory plus visual/content-specific regression gate,No file-specific defect identified during subsystem audit.,None beyond applicable subsystem gates.
server,frontend-next/e2e/sensor-health-compact.spec.ts-snapshots/sensor-health-compact-single-mobile-win32.png,binary-reference,production-frontend,inventory-reviewed; final subsystem gate pending,inventory plus visual/content-specific regression gate,No file-specific defect identified during subsystem audit.,None beyond applicable subsystem gates.
server,frontend-next/e2e/sensor-health-compact.spec.ts-snapshots/sensor-health-compact-single-tablet-win32.png,binary-reference,production-frontend,inventory-reviewed; final subsystem gate pending,inventory plus visual/content-specific regression gate,No file-specific defect identified during subsystem audit.,None beyond applicable subsystem gates.
server,frontend-next/e2e/sensor-health-compact.spec.ts-snapshots/sensor-health-compact-single-webkit-win32.png,binary-reference,production-frontend,inventory-reviewed; final subsystem gate pending,inventory plus visual/content-specific regression gate,No file-specific defect identified during subsystem audit.,None beyond applicable subsystem gates.
server,frontend-next/e2e/single-home.spec.ts,test-or-simulator,production-frontend,inventory-reviewed; final subsystem gate pending,"inventory plus static analysis, compile/lint, and subsystem regression gates",No file-specific defect identified during subsystem audit.,None beyond applicable subsystem gates.
server,frontend-next/e2e/single-home.spec.ts-snapshots/appearance-chart-colors-custom-desktop-win32.png,binary-reference,production-frontend,inventory-reviewed; final subsystem gate pending,inventory plus visual/content-specific regression gate,No file-specific defect identified during subsystem audit.,None beyond applicable subsystem gates.
server,frontend-next/e2e/single-home.spec.ts-snapshots/appearance-chart-colors-custom-edge-win32.png,binary-reference,production-frontend,inventory-reviewed; final subsystem gate pending,inventory plus visual/content-specific regression gate,No file-specific defect identified during subsystem audit.,None beyond applicable subsystem gates.
server,frontend-next/e2e/single-home.spec.ts-snapshots/appearance-chart-colors-custom-firefox-win32.png,binary-reference,production-frontend,inventory-reviewed; final subsystem gate pending,inventory plus visual/content-specific regression gate,No file-specific defect identified during subsystem audit.,None beyond applicable subsystem gates.
server,frontend-next/e2e/single-home.spec.ts-snapshots/appearance-chart-colors-custom-mobile-win32.png,binary-reference,production-frontend,inventory-reviewed; final subsystem gate pending,inventory plus visual/content-specific regression gate,No file-specific defect identified during subsystem audit.,None beyond applicable subsystem gates.
server,frontend-next/e2e/single-home.spec.ts-snapshots/appearance-chart-colors-custom-webkit-win32.png,binary-reference,production-frontend,inventory-reviewed; final subsystem gate pending,inventory plus visual/content-specific regression gate,No file-specific defect identified during subsystem audit.,None beyond applicable subsystem gates.
server,frontend-next/e2e/single-home.spec.ts-snapshots/appearance-chart-colors-default-desktop-win32.png,binary-reference,production-frontend,inventory-reviewed; final subsystem gate pending,inventory plus visual/content-specific regression gate,No file-specific defect identified during subsystem audit.,None beyond applicable subsystem gates.
server,frontend-next/e2e/single-home.spec.ts-snapshots/appearance-chart-colors-default-edge-win32.png,binary-reference,production-frontend,inventory-reviewed; final subsystem gate pending,inventory plus visual/content-specific regression gate,No file-specific defect identified during subsystem audit.,None beyond applicable subsystem gates.
server,frontend-next/e2e/single-home.spec.ts-snapshots/appearance-chart-colors-default-firefox-win32.png,binary-reference,production-frontend,inventory-reviewed; final subsystem gate pending,inventory plus visual/content-specific regression gate,No file-specific defect identified during subsystem audit.,None beyond applicable subsystem gates.
server,frontend-next/e2e/single-home.spec.ts-snapshots/appearance-chart-colors-default-mobile-win32.png,binary-reference,production-frontend,inventory-reviewed; final subsystem gate pending,inventory plus visual/content-specific regression gate,No file-specific defect identified during subsystem audit.,None beyond applicable subsystem gates.
server,frontend-next/e2e/single-home.spec.ts-snapshots/appearance-chart-colors-default-webkit-win32.png,binary-reference,production-frontend,inventory-reviewed; final subsystem gate pending,inventory plus visual/content-specific regression gate,No file-specific defect identified during subsystem audit.,None beyond applicable subsystem gates.
server,frontend-next/e2e/single-home.spec.ts-snapshots/home-empty-dark-desktop-light-win32.png,binary-reference,production-frontend,inventory-reviewed; final subsystem gate pending,inventory plus visual/content-specific regression gate,No file-specific defect identified during subsystem audit.,None beyond applicable subsystem gates.
server,frontend-next/e2e/single-home.spec.ts-snapshots/home-empty-dark-desktop-win32.png,binary-reference,production-frontend,inventory-reviewed; final subsystem gate pending,inventory plus visual/content-specific regression gate,No file-specific defect identified during subsystem audit.,None beyond applicable subsystem gates.
server,frontend-next/e2e/single-home.spec.ts-snapshots/home-empty-dark-firefox-win32.png,binary-reference,production-frontend,inventory-reviewed; final subsystem gate pending,inventory plus visual/content-specific regression gate,No file-specific defect identified during subsystem audit.,None beyond applicable subsystem gates.
server,frontend-next/e2e/single-home.spec.ts-snapshots/home-empty-dark-mobile-win32.png,binary-reference,production-frontend,inventory-reviewed; final subsystem gate pending,inventory plus visual/content-specific regression gate,No file-specific defect identified during subsystem audit.,None beyond applicable subsystem gates.
server,frontend-next/e2e/single-home.spec.ts-snapshots/home-empty-dark-tablet-win32.png,binary-reference,production-frontend,inventory-reviewed; final subsystem gate pending,inventory plus visual/content-specific regression gate,No file-specific defect identified during subsystem audit.,None beyond applicable subsystem gates.
server,frontend-next/e2e/single-home.spec.ts-snapshots/home-empty-dark-webkit-win32.png,binary-reference,production-frontend,inventory-reviewed; final subsystem gate pending,inventory plus visual/content-specific regression gate,No file-specific defect identified during subsystem audit.,None beyond applicable subsystem gates.
server,frontend-next/e2e/single-home.spec.ts-snapshots/home-error-desktop-light-win32.png,binary-reference,production-frontend,inventory-reviewed; final subsystem gate pending,inventory plus visual/content-specific regression gate,No file-specific defect identified during subsystem audit.,None beyond applicable subsystem gates.
server,frontend-next/e2e/single-home.spec.ts-snapshots/home-error-desktop-win32.png,binary-reference,production-frontend,inventory-reviewed; final subsystem gate pending,inventory plus visual/content-specific regression gate,No file-specific defect identified during subsystem audit.,None beyond applicable subsystem gates.
server,frontend-next/e2e/single-home.spec.ts-snapshots/home-error-firefox-win32.png,binary-reference,production-frontend,inventory-reviewed; final subsystem gate pending,inventory plus visual/content-specific regression gate,No file-specific defect identified during subsystem audit.,None beyond applicable subsystem gates.
server,frontend-next/e2e/single-home.spec.ts-snapshots/home-error-mobile-win32.png,binary-reference,production-frontend,inventory-reviewed; final subsystem gate pending,inventory plus visual/content-specific regression gate,No file-specific defect identified during subsystem audit.,None beyond applicable subsystem gates.
server,frontend-next/e2e/single-home.spec.ts-snapshots/home-error-tablet-win32.png,binary-reference,production-frontend,inventory-reviewed; final subsystem gate pending,inventory plus visual/content-specific regression gate,No file-specific defect identified during subsystem audit.,None beyond applicable subsystem gates.
server,frontend-next/e2e/single-home.spec.ts-snapshots/home-error-webkit-win32.png,binary-reference,production-frontend,inventory-reviewed; final subsystem gate pending,inventory plus visual/content-specific regression gate,No file-specific defect identified during subsystem audit.,None beyond applicable subsystem gates.
server,frontend-next/e2e/single-home.spec.ts-snapshots/home-loading-desktop-light-win32.png,binary-reference,production-frontend,inventory-reviewed; final subsystem gate pending,inventory plus visual/content-specific regression gate,No file-specific defect identified during subsystem audit.,None beyond applicable subsystem gates.
server,frontend-next/e2e/single-home.spec.ts-snapshots/home-loading-desktop-win32.png,binary-reference,production-frontend,inventory-reviewed; final subsystem gate pending,inventory plus visual/content-specific regression gate,No file-specific defect identified during subsystem audit.,None beyond applicable subsystem gates.
server,frontend-next/e2e/single-home.spec.ts-snapshots/home-loading-firefox-win32.png,binary-reference,production-frontend,inventory-reviewed; final subsystem gate pending,inventory plus visual/content-specific regression gate,No file-specific defect identified during subsystem audit.,None beyond applicable subsystem gates.
server,frontend-next/e2e/single-home.spec.ts-snapshots/home-loading-mobile-win32.png,binary-reference,production-frontend,inventory-reviewed; final subsystem gate pending,inventory plus visual/content-specific regression gate,No file-specific defect identified during subsystem audit.,None beyond applicable subsystem gates.
server,frontend-next/e2e/single-home.spec.ts-snapshots/home-loading-tablet-win32.png,binary-reference,production-frontend,inventory-reviewed; final subsystem gate pending,inventory plus visual/content-specific regression gate,No file-specific defect identified during subsystem audit.,None beyond applicable subsystem gates.
server,frontend-next/e2e/single-home.spec.ts-snapshots/home-loading-webkit-win32.png,binary-reference,production-frontend,inventory-reviewed; final subsystem gate pending,inventory plus visual/content-specific regression gate,No file-specific defect identified during subsystem audit.,None beyond applicable subsystem gates.
server,frontend-next/e2e/single-home.spec.ts-snapshots/settings-dark-desktop-light-win32.png,binary-reference,production-frontend,inventory-reviewed; final subsystem gate pending,inventory plus visual/content-specific regression gate,No file-specific defect identified during subsystem audit.,None beyond applicable subsystem gates.
server,frontend-next/e2e/single-home.spec.ts-snapshots/settings-dark-desktop-win32.png,binary-reference,production-frontend,inventory-reviewed; final subsystem gate pending,inventory plus visual/content-specific regression gate,No file-specific defect identified during subsystem audit.,None beyond applicable subsystem gates.
server,frontend-next/e2e/single-home.spec.ts-snapshots/settings-dark-firefox-win32.png,binary-reference,production-frontend,inventory-reviewed; final subsystem gate pending,inventory plus visual/content-specific regression gate,No file-specific defect identified during subsystem audit.,None beyond applicable subsystem gates.
server,frontend-next/e2e/single-home.spec.ts-snapshots/settings-dark-mobile-win32.png,binary-reference,production-frontend,inventory-reviewed; final subsystem gate pending,inventory plus visual/content-specific regression gate,No file-specific defect identified during subsystem audit.,None beyond applicable subsystem gates.
server,frontend-next/e2e/single-home.spec.ts-snapshots/settings-dark-tablet-win32.png,binary-reference,production-frontend,inventory-reviewed; final subsystem gate pending,inventory plus visual/content-specific regression gate,No file-specific defect identified during subsystem audit.,None beyond applicable subsystem gates.
server,frontend-next/e2e/single-home.spec.ts-snapshots/settings-dark-webkit-win32.png,binary-reference,production-frontend,inventory-reviewed; final subsystem gate pending,inventory plus visual/content-specific regression gate,No file-specific defect identified during subsystem audit.,None beyond applicable subsystem gates.
server,frontend-next/e2e/single-home.spec.ts-snapshots/system-health-repaired-desktop-light-win32.png,binary-reference,production-frontend,inventory-reviewed; final subsystem gate pending,inventory plus visual/content-specific regression gate,No file-specific defect identified during subsystem audit.,None beyond applicable subsystem gates.
server,frontend-next/e2e/single-home.spec.ts-snapshots/system-health-repaired-desktop-win32.png,binary-reference,production-frontend,inventory-reviewed; final subsystem gate pending,inventory plus visual/content-specific regression gate,No file-specific defect identified during subsystem audit.,None beyond applicable subsystem gates.
server,frontend-next/e2e/single-home.spec.ts-snapshots/system-health-repaired-firefox-win32.png,binary-reference,production-frontend,inventory-reviewed; final subsystem gate pending,inventory plus visual/content-specific regression gate,No file-specific defect identified during subsystem audit.,None beyond applicable subsystem gates.
server,frontend-next/e2e/single-home.spec.ts-snapshots/system-health-repaired-mobile-win32.png,binary-reference,production-frontend,inventory-reviewed; final subsystem gate pending,inventory plus visual/content-specific regression gate,No file-specific defect identified during subsystem audit.,None beyond applicable subsystem gates.
server,frontend-next/e2e/single-home.spec.ts-snapshots/system-health-repaired-tablet-win32.png,binary-reference,production-frontend,inventory-reviewed; final subsystem gate pending,inventory plus visual/content-specific regression gate,No file-specific defect identified during subsystem audit.,None beyond applicable subsystem gates.
server,frontend-next/e2e/single-home.spec.ts-snapshots/system-health-repaired-webkit-win32.png,binary-reference,production-frontend,inventory-reviewed; final subsystem gate pending,inventory plus visual/content-specific regression gate,No file-specific defect identified during subsystem audit.,None beyond applicable subsystem gates.
server,frontend-next/e2e/single-pass-repair.spec.ts,test-or-simulator,production-frontend,inventory-reviewed; final subsystem gate pending,"inventory plus static analysis, compile/lint, and subsystem regression gates",No file-specific defect identified during subsystem audit.,None beyond applicable subsystem gates.
server,frontend-next/e2e/single-pass-repair.spec.ts-snapshots/billing-simple-desktop-light-win32.png,binary-reference,production-frontend,inventory-reviewed; final subsystem gate pending,inventory plus visual/content-specific regression gate,No file-specific defect identified during subsystem audit.,None beyond applicable subsystem gates.
server,frontend-next/e2e/single-pass-repair.spec.ts-snapshots/billing-simple-desktop-win32.png,binary-reference,production-frontend,inventory-reviewed; final subsystem gate pending,inventory plus visual/content-specific regression gate,No file-specific defect identified during subsystem audit.,None beyond applicable subsystem gates.
server,frontend-next/e2e/single-pass-repair.spec.ts-snapshots/billing-simple-firefox-win32.png,binary-reference,production-frontend,inventory-reviewed; final subsystem gate pending,inventory plus visual/content-specific regression gate,No file-specific defect identified during subsystem audit.,None beyond applicable subsystem gates.
server,frontend-next/e2e/single-pass-repair.spec.ts-snapshots/billing-simple-mobile-win32.png,binary-reference,production-frontend,inventory-reviewed; final subsystem gate pending,inventory plus visual/content-specific regression gate,No file-specific defect identified during subsystem audit.,None beyond applicable subsystem gates.
server,frontend-next/e2e/single-pass-repair.spec.ts-snapshots/billing-simple-repair-1920x1080-win32.png,binary-reference,production-frontend,inventory-reviewed; final subsystem gate pending,inventory plus visual/content-specific regression gate,No file-specific defect identified during subsystem audit.,None beyond applicable subsystem gates.
server,frontend-next/e2e/single-pass-repair.spec.ts-snapshots/billing-simple-repair-3440x1440-win32.png,binary-reference,production-frontend,inventory-reviewed; final subsystem gate pending,inventory plus visual/content-specific regression gate,No file-specific defect identified during subsystem audit.,None beyond applicable subsystem gates.
server,frontend-next/e2e/single-pass-repair.spec.ts-snapshots/billing-simple-repair-390x844-win32.png,binary-reference,production-frontend,inventory-reviewed; final subsystem gate pending,inventory plus visual/content-specific regression gate,No file-specific defect identified during subsystem audit.,None beyond applicable subsystem gates.
server,frontend-next/e2e/single-pass-repair.spec.ts-snapshots/billing-simple-repair-768x1024-win32.png,binary-reference,production-frontend,inventory-reviewed; final subsystem gate pending,inventory plus visual/content-specific regression gate,No file-specific defect identified during subsystem audit.,None beyond applicable subsystem gates.
server,frontend-next/e2e/single-pass-repair.spec.ts-snapshots/billing-simple-tablet-win32.png,binary-reference,production-frontend,inventory-reviewed; final subsystem gate pending,inventory plus visual/content-specific regression gate,No file-specific defect identified during subsystem audit.,None beyond applicable subsystem gates.
server,frontend-next/e2e/single-pass-repair.spec.ts-snapshots/billing-simple-webkit-win32.png,binary-reference,production-frontend,inventory-reviewed; final subsystem gate pending,inventory plus visual/content-specific regression gate,No file-specific defect identified during subsystem audit.,None beyond applicable subsystem gates.
server,frontend-next/e2e/single-pass-repair.spec.ts-snapshots/history-data-desktop-light-win32.png,binary-reference,production-frontend,inventory-reviewed; final subsystem gate pending,inventory plus visual/content-specific regression gate,No file-specific defect identified during subsystem audit.,None beyond applicable subsystem gates.
server,frontend-next/e2e/single-pass-repair.spec.ts-snapshots/history-data-desktop-win32.png,binary-reference,production-frontend,inventory-reviewed; final subsystem gate pending,inventory plus visual/content-specific regression gate,No file-specific defect identified during subsystem audit.,None beyond applicable subsystem gates.
server,frontend-next/e2e/single-pass-repair.spec.ts-snapshots/history-data-edge-win32.png,binary-reference,production-frontend,inventory-reviewed; final subsystem gate pending,inventory plus visual/content-specific regression gate,No file-specific defect identified during subsystem audit.,None beyond applicable subsystem gates.
server,frontend-next/e2e/single-pass-repair.spec.ts-snapshots/history-data-firefox-win32.png,binary-reference,production-frontend,inventory-reviewed; final subsystem gate pending,inventory plus visual/content-specific regression gate,No file-specific defect identified during subsystem audit.,None beyond applicable subsystem gates.
server,frontend-next/e2e/single-pass-repair.spec.ts-snapshots/history-data-mobile-win32.png,binary-reference,production-frontend,inventory-reviewed; final subsystem gate pending,inventory plus visual/content-specific regression gate,No file-specific defect identified during subsystem audit.,None beyond applicable subsystem gates.
server,frontend-next/e2e/single-pass-repair.spec.ts-snapshots/history-data-repair-1920x1080-win32.png,binary-reference,production-frontend,inventory-reviewed; final subsystem gate pending,inventory plus visual/content-specific regression gate,No file-specific defect identified during subsystem audit.,None beyond applicable subsystem gates.
server,frontend-next/e2e/single-pass-repair.spec.ts-snapshots/history-data-repair-3440x1440-win32.png,binary-reference,production-frontend,inventory-reviewed; final subsystem gate pending,inventory plus visual/content-specific regression gate,No file-specific defect identified during subsystem audit.,None beyond applicable subsystem gates.
server,frontend-next/e2e/single-pass-repair.spec.ts-snapshots/history-data-repair-390x844-win32.png,binary-reference,production-frontend,inventory-reviewed; final subsystem gate pending,inventory plus visual/content-specific regression gate,No file-specific defect identified during subsystem audit.,None beyond applicable subsystem gates.
server,frontend-next/e2e/single-pass-repair.spec.ts-snapshots/history-data-repair-768x1024-win32.png,binary-reference,production-frontend,inventory-reviewed; final subsystem gate pending,inventory plus visual/content-specific regression gate,No file-specific defect identified during subsystem audit.,None beyond applicable subsystem gates.
server,frontend-next/e2e/single-pass-repair.spec.ts-snapshots/history-data-tablet-win32.png,binary-reference,production-frontend,inventory-reviewed; final subsystem gate pending,inventory plus visual/content-specific regression gate,No file-specific defect identified during subsystem audit.,None beyond applicable subsystem gates.
server,frontend-next/e2e/single-pass-repair.spec.ts-snapshots/history-data-webkit-win32.png,binary-reference,production-frontend,inventory-reviewed; final subsystem gate pending,inventory plus visual/content-specific regression gate,No file-specific defect identified during subsystem audit.,None beyond applicable subsystem gates.
server,frontend-next/e2e/single-pass-repair.spec.ts-snapshots/history-no-data-desktop-light-win32.png,binary-reference,production-frontend,inventory-reviewed; final subsystem gate pending,inventory plus visual/content-specific regression gate,No file-specific defect identified during subsystem audit.,None beyond applicable subsystem gates.
server,frontend-next/e2e/single-pass-repair.spec.ts-snapshots/history-no-data-desktop-win32.png,binary-reference,production-frontend,inventory-reviewed; final subsystem gate pending,inventory plus visual/content-specific regression gate,No file-specific defect identified during subsystem audit.,None beyond applicable subsystem gates.
server,frontend-next/e2e/single-pass-repair.spec.ts-snapshots/history-no-data-edge-win32.png,binary-reference,production-frontend,inventory-reviewed; final subsystem gate pending,inventory plus visual/content-specific regression gate,No file-specific defect identified during subsystem audit.,None beyond applicable subsystem gates.
server,frontend-next/e2e/single-pass-repair.spec.ts-snapshots/history-no-data-firefox-win32.png,binary-reference,production-frontend,inventory-reviewed; final subsystem gate pending,inventory plus visual/content-specific regression gate,No file-specific defect identified during subsystem audit.,None beyond applicable subsystem gates.
server,frontend-next/e2e/single-pass-repair.spec.ts-snapshots/history-no-data-mobile-win32.png,binary-reference,production-frontend,inventory-reviewed; final subsystem gate pending,inventory plus visual/content-specific regression gate,No file-specific defect identified during subsystem audit.,None beyond applicable subsystem gates.
server,frontend-next/e2e/single-pass-repair.spec.ts-snapshots/history-no-data-repair-1920x1080-win32.png,binary-reference,production-frontend,inventory-reviewed; final subsystem gate pending,inventory plus visual/content-specific regression gate,No file-specific defect identified during subsystem audit.,None beyond applicable subsystem gates.
server,frontend-next/e2e/single-pass-repair.spec.ts-snapshots/history-no-data-repair-3440x1440-win32.png,binary-reference,production-frontend,inventory-reviewed; final subsystem gate pending,inventory plus visual/content-specific regression gate,No file-specific defect identified during subsystem audit.,None beyond applicable subsystem gates.
server,frontend-next/e2e/single-pass-repair.spec.ts-snapshots/history-no-data-repair-390x844-win32.png,binary-reference,production-frontend,inventory-reviewed; final subsystem gate pending,inventory plus visual/content-specific regression gate,No file-specific defect identified during subsystem audit.,None beyond applicable subsystem gates.
server,frontend-next/e2e/single-pass-repair.spec.ts-snapshots/history-no-data-repair-768x1024-win32.png,binary-reference,production-frontend,inventory-reviewed; final subsystem gate pending,inventory plus visual/content-specific regression gate,No file-specific defect identified during subsystem audit.,None beyond applicable subsystem gates.
server,frontend-next/e2e/single-pass-repair.spec.ts-snapshots/history-no-data-tablet-win32.png,binary-reference,production-frontend,inventory-reviewed; final subsystem gate pending,inventory plus visual/content-specific regression gate,No file-specific defect identified during subsystem audit.,None beyond applicable subsystem gates.
server,frontend-next/e2e/single-pass-repair.spec.ts-snapshots/history-no-data-webkit-win32.png,binary-reference,production-frontend,inventory-reviewed; final subsystem gate pending,inventory plus visual/content-specific regression gate,No file-specific defect identified during subsystem audit.,None beyond applicable subsystem gates.
server,frontend-next/e2e/single-pass-repair.spec.ts-snapshots/home-repair-billing-no-live-desktop-light-win32.png,binary-reference,production-frontend,inventory-reviewed; final subsystem gate pending,inventory plus visual/content-specific regression gate,No file-specific defect identified during subsystem audit.,None beyond applicable subsystem gates.
server,frontend-next/e2e/single-pass-repair.spec.ts-snapshots/home-repair-billing-no-live-desktop-win32.png,binary-reference,production-frontend,inventory-reviewed; final subsystem gate pending,inventory plus visual/content-specific regression gate,No file-specific defect identified during subsystem audit.,None beyond applicable subsystem gates.
server,frontend-next/e2e/single-pass-repair.spec.ts-snapshots/home-repair-billing-no-live-firefox-win32.png,binary-reference,production-frontend,inventory-reviewed; final subsystem gate pending,inventory plus visual/content-specific regression gate,No file-specific defect identified during subsystem audit.,None beyond applicable subsystem gates.
server,frontend-next/e2e/single-pass-repair.spec.ts-snapshots/home-repair-billing-no-live-mobile-win32.png,binary-reference,production-frontend,inventory-reviewed; final subsystem gate pending,inventory plus visual/content-specific regression gate,No file-specific defect identified during subsystem audit.,None beyond applicable subsystem gates.
server,frontend-next/e2e/single-pass-repair.spec.ts-snapshots/home-repair-billing-no-live-repair-1920x1080-win32.png,binary-reference,production-frontend,inventory-reviewed; final subsystem gate pending,inventory plus visual/content-specific regression gate,No file-specific defect identified during subsystem audit.,None beyond applicable subsystem gates.
server,frontend-next/e2e/single-pass-repair.spec.ts-snapshots/home-repair-billing-no-live-repair-3440x1440-win32.png,binary-reference,production-frontend,inventory-reviewed; final subsystem gate pending,inventory plus visual/content-specific regression gate,No file-specific defect identified during subsystem audit.,None beyond applicable subsystem gates.
server,frontend-next/e2e/single-pass-repair.spec.ts-snapshots/home-repair-billing-no-live-repair-390x844-win32.png,binary-reference,production-frontend,inventory-reviewed; final subsystem gate pending,inventory plus visual/content-specific regression gate,No file-specific defect identified during subsystem audit.,None beyond applicable subsystem gates.
server,frontend-next/e2e/single-pass-repair.spec.ts-snapshots/home-repair-billing-no-live-repair-768x1024-win32.png,binary-reference,production-frontend,inventory-reviewed; final subsystem gate pending,inventory plus visual/content-specific regression gate,No file-specific defect identified during subsystem audit.,None beyond applicable subsystem gates.
server,frontend-next/e2e/single-pass-repair.spec.ts-snapshots/home-repair-billing-no-live-tablet-win32.png,binary-reference,production-frontend,inventory-reviewed; final subsystem gate pending,inventory plus visual/content-specific regression gate,No file-specific defect identified during subsystem audit.,None beyond applicable subsystem gates.
server,frontend-next/e2e/single-pass-repair.spec.ts-snapshots/home-repair-billing-no-live-webkit-win32.png,binary-reference,production-frontend,inventory-reviewed; final subsystem gate pending,inventory plus visual/content-specific regression gate,No file-specific defect identified during subsystem audit.,None beyond applicable subsystem gates.
server,frontend-next/e2e/single-pass-repair.spec.ts-snapshots/home-repair-connected-desktop-light-win32.png,binary-reference,production-frontend,inventory-reviewed; final subsystem gate pending,inventory plus visual/content-specific regression gate,No file-specific defect identified during subsystem audit.,None beyond applicable subsystem gates.
server,frontend-next/e2e/single-pass-repair.spec.ts-snapshots/home-repair-connected-desktop-win32.png,binary-reference,production-frontend,inventory-reviewed; final subsystem gate pending,inventory plus visual/content-specific regression gate,No file-specific defect identified during subsystem audit.,None beyond applicable subsystem gates.
server,frontend-next/e2e/single-pass-repair.spec.ts-snapshots/home-repair-connected-firefox-win32.png,binary-reference,production-frontend,inventory-reviewed; final subsystem gate pending,inventory plus visual/content-specific regression gate,No file-specific defect identified during subsystem audit.,None beyond applicable subsystem gates.
server,frontend-next/e2e/single-pass-repair.spec.ts-snapshots/home-repair-connected-mobile-win32.png,binary-reference,production-frontend,inventory-reviewed; final subsystem gate pending,inventory plus visual/content-specific regression gate,No file-specific defect identified during subsystem audit.,None beyond applicable subsystem gates.
server,frontend-next/e2e/single-pass-repair.spec.ts-snapshots/home-repair-connected-repair-1920x1080-win32.png,binary-reference,production-frontend,inventory-reviewed; final subsystem gate pending,inventory plus visual/content-specific regression gate,No file-specific defect identified during subsystem audit.,None beyond applicable subsystem gates.
server,frontend-next/e2e/single-pass-repair.spec.ts-snapshots/home-repair-connected-repair-3440x1440-win32.png,binary-reference,production-frontend,inventory-reviewed; final subsystem gate pending,inventory plus visual/content-specific regression gate,No file-specific defect identified during subsystem audit.,None beyond applicable subsystem gates.
server,frontend-next/e2e/single-pass-repair.spec.ts-snapshots/home-repair-connected-repair-390x844-win32.png,binary-reference,production-frontend,inventory-reviewed; final subsystem gate pending,inventory plus visual/content-specific regression gate,No file-specific defect identified during subsystem audit.,None beyond applicable subsystem gates.
server,frontend-next/e2e/single-pass-repair.spec.ts-snapshots/home-repair-connected-repair-768x1024-win32.png,binary-reference,production-frontend,inventory-reviewed; final subsystem gate pending,inventory plus visual/content-specific regression gate,No file-specific defect identified during subsystem audit.,None beyond applicable subsystem gates.
server,frontend-next/e2e/single-pass-repair.spec.ts-snapshots/home-repair-connected-tablet-win32.png,binary-reference,production-frontend,inventory-reviewed; final subsystem gate pending,inventory plus visual/content-specific regression gate,No file-specific defect identified during subsystem audit.,None beyond applicable subsystem gates.
server,frontend-next/e2e/single-pass-repair.spec.ts-snapshots/home-repair-connected-webkit-win32.png,binary-reference,production-frontend,inventory-reviewed; final subsystem gate pending,inventory plus visual/content-specific regression gate,No file-specific defect identified during subsystem audit.,None beyond applicable subsystem gates.
server,frontend-next/e2e/single-pass-repair.spec.ts-snapshots/home-repair-empty-desktop-light-win32.png,binary-reference,production-frontend,inventory-reviewed; final subsystem gate pending,inventory plus visual/content-specific regression gate,No file-specific defect identified during subsystem audit.,None beyond applicable subsystem gates.
server,frontend-next/e2e/single-pass-repair.spec.ts-snapshots/home-repair-empty-desktop-win32.png,binary-reference,production-frontend,inventory-reviewed; final subsystem gate pending,inventory plus visual/content-specific regression gate,No file-specific defect identified during subsystem audit.,None beyond applicable subsystem gates.
server,frontend-next/e2e/single-pass-repair.spec.ts-snapshots/home-repair-empty-firefox-win32.png,binary-reference,production-frontend,inventory-reviewed; final subsystem gate pending,inventory plus visual/content-specific regression gate,No file-specific defect identified during subsystem audit.,None beyond applicable subsystem gates.
server,frontend-next/e2e/single-pass-repair.spec.ts-snapshots/home-repair-empty-mobile-win32.png,binary-reference,production-frontend,inventory-reviewed; final subsystem gate pending,inventory plus visual/content-specific regression gate,No file-specific defect identified during subsystem audit.,None beyond applicable subsystem gates.
server,frontend-next/e2e/single-pass-repair.spec.ts-snapshots/home-repair-empty-repair-1920x1080-win32.png,binary-reference,production-frontend,inventory-reviewed; final subsystem gate pending,inventory plus visual/content-specific regression gate,No file-specific defect identified during subsystem audit.,None beyond applicable subsystem gates.
server,frontend-next/e2e/single-pass-repair.spec.ts-snapshots/home-repair-empty-repair-3440x1440-win32.png,binary-reference,production-frontend,inventory-reviewed; final subsystem gate pending,inventory plus visual/content-specific regression gate,No file-specific defect identified during subsystem audit.,None beyond applicable subsystem gates.
server,frontend-next/e2e/single-pass-repair.spec.ts-snapshots/home-repair-empty-repair-390x844-win32.png,binary-reference,production-frontend,inventory-reviewed; final subsystem gate pending,inventory plus visual/content-specific regression gate,No file-specific defect identified during subsystem audit.,None beyond applicable subsystem gates.
server,frontend-next/e2e/single-pass-repair.spec.ts-snapshots/home-repair-empty-repair-768x1024-win32.png,binary-reference,production-frontend,inventory-reviewed; final subsystem gate pending,inventory plus visual/content-specific regression gate,No file-specific defect identified during subsystem audit.,None beyond applicable subsystem gates.
server,frontend-next/e2e/single-pass-repair.spec.ts-snapshots/home-repair-empty-tablet-win32.png,binary-reference,production-frontend,inventory-reviewed; final subsystem gate pending,inventory plus visual/content-specific regression gate,No file-specific defect identified during subsystem audit.,None beyond applicable subsystem gates.
server,frontend-next/e2e/single-pass-repair.spec.ts-snapshots/home-repair-empty-webkit-win32.png,binary-reference,production-frontend,inventory-reviewed; final subsystem gate pending,inventory plus visual/content-specific regression gate,No file-specific defect identified during subsystem audit.,None beyond applicable subsystem gates.
server,frontend-next/e2e/single-pass-repair.spec.ts-snapshots/importer-error-desktop-light-win32.png,binary-reference,production-frontend,inventory-reviewed; final subsystem gate pending,inventory plus visual/content-specific regression gate,No file-specific defect identified during subsystem audit.,None beyond applicable subsystem gates.
server,frontend-next/e2e/single-pass-repair.spec.ts-snapshots/importer-error-desktop-win32.png,binary-reference,production-frontend,inventory-reviewed; final subsystem gate pending,inventory plus visual/content-specific regression gate,No file-specific defect identified during subsystem audit.,None beyond applicable subsystem gates.
server,frontend-next/e2e/single-pass-repair.spec.ts-snapshots/importer-error-firefox-win32.png,binary-reference,production-frontend,inventory-reviewed; final subsystem gate pending,inventory plus visual/content-specific regression gate,No file-specific defect identified during subsystem audit.,None beyond applicable subsystem gates.
server,frontend-next/e2e/single-pass-repair.spec.ts-snapshots/importer-error-mobile-win32.png,binary-reference,production-frontend,inventory-reviewed; final subsystem gate pending,inventory plus visual/content-specific regression gate,No file-specific defect identified during subsystem audit.,None beyond applicable subsystem gates.
server,frontend-next/e2e/single-pass-repair.spec.ts-snapshots/importer-error-repair-1920x1080-win32.png,binary-reference,production-frontend,inventory-reviewed; final subsystem gate pending,inventory plus visual/content-specific regression gate,No file-specific defect identified during subsystem audit.,None beyond applicable subsystem gates.
server,frontend-next/e2e/single-pass-repair.spec.ts-snapshots/importer-error-repair-3440x1440-win32.png,binary-reference,production-frontend,inventory-reviewed; final subsystem gate pending,inventory plus visual/content-specific regression gate,No file-specific defect identified during subsystem audit.,None beyond applicable subsystem gates.
server,frontend-next/e2e/single-pass-repair.spec.ts-snapshots/importer-error-repair-390x844-win32.png,binary-reference,production-frontend,inventory-reviewed; final subsystem gate pending,inventory plus visual/content-specific regression gate,No file-specific defect identified during subsystem audit.,None beyond applicable subsystem gates.
server,frontend-next/e2e/single-pass-repair.spec.ts-snapshots/importer-error-repair-768x1024-win32.png,binary-reference,production-frontend,inventory-reviewed; final subsystem gate pending,inventory plus visual/content-specific regression gate,No file-specific defect identified during subsystem audit.,None beyond applicable subsystem gates.
server,frontend-next/e2e/single-pass-repair.spec.ts-snapshots/importer-error-tablet-win32.png,binary-reference,production-frontend,inventory-reviewed; final subsystem gate pending,inventory plus visual/content-specific regression gate,No file-specific defect identified during subsystem audit.,None beyond applicable subsystem gates.
server,frontend-next/e2e/single-pass-repair.spec.ts-snapshots/importer-error-webkit-win32.png,binary-reference,production-frontend,inventory-reviewed; final subsystem gate pending,inventory plus visual/content-specific regression gate,No file-specific defect identified during subsystem audit.,None beyond applicable subsystem gates.
server,frontend-next/e2e/single-pass-repair.spec.ts-snapshots/importer-reference-only-desktop-light-win32.png,binary-reference,production-frontend,inventory-reviewed; final subsystem gate pending,inventory plus visual/content-specific regression gate,No file-specific defect identified during subsystem audit.,None beyond applicable subsystem gates.
server,frontend-next/e2e/single-pass-repair.spec.ts-snapshots/importer-reference-only-desktop-win32.png,binary-reference,production-frontend,inventory-reviewed; final subsystem gate pending,inventory plus visual/content-specific regression gate,No file-specific defect identified during subsystem audit.,None beyond applicable subsystem gates.
server,frontend-next/e2e/single-pass-repair.spec.ts-snapshots/importer-reference-only-firefox-win32.png,binary-reference,production-frontend,inventory-reviewed; final subsystem gate pending,inventory plus visual/content-specific regression gate,No file-specific defect identified during subsystem audit.,None beyond applicable subsystem gates.
server,frontend-next/e2e/single-pass-repair.spec.ts-snapshots/importer-reference-only-mobile-win32.png,binary-reference,production-frontend,inventory-reviewed; final subsystem gate pending,inventory plus visual/content-specific regression gate,No file-specific defect identified during subsystem audit.,None beyond applicable subsystem gates.
server,frontend-next/e2e/single-pass-repair.spec.ts-snapshots/importer-reference-only-tablet-win32.png,binary-reference,production-frontend,inventory-reviewed; final subsystem gate pending,inventory plus visual/content-specific regression gate,No file-specific defect identified during subsystem audit.,None beyond applicable subsystem gates.
server,frontend-next/e2e/single-pass-repair.spec.ts-snapshots/importer-reference-only-webkit-win32.png,binary-reference,production-frontend,inventory-reviewed; final subsystem gate pending,inventory plus visual/content-specific regression gate,No file-specific defect identified during subsystem audit.,None beyond applicable subsystem gates.
server,frontend-next/e2e/single-pass-repair.spec.ts-snapshots/importer-review-desktop-light-win32.png,binary-reference,production-frontend,inventory-reviewed; final subsystem gate pending,inventory plus visual/content-specific regression gate,No file-specific defect identified during subsystem audit.,None beyond applicable subsystem gates.
server,frontend-next/e2e/single-pass-repair.spec.ts-snapshots/importer-review-desktop-win32.png,binary-reference,production-frontend,inventory-reviewed; final subsystem gate pending,inventory plus visual/content-specific regression gate,No file-specific defect identified during subsystem audit.,None beyond applicable subsystem gates.
server,frontend-next/e2e/single-pass-repair.spec.ts-snapshots/importer-review-firefox-win32.png,binary-reference,production-frontend,inventory-reviewed; final subsystem gate pending,inventory plus visual/content-specific regression gate,No file-specific defect identified during subsystem audit.,None beyond applicable subsystem gates.
server,frontend-next/e2e/single-pass-repair.spec.ts-snapshots/importer-review-mobile-win32.png,binary-reference,production-frontend,inventory-reviewed; final subsystem gate pending,inventory plus visual/content-specific regression gate,No file-specific defect identified during subsystem audit.,None beyond applicable subsystem gates.
server,frontend-next/e2e/single-pass-repair.spec.ts-snapshots/importer-review-repair-1920x1080-win32.png,binary-reference,production-frontend,inventory-reviewed; final subsystem gate pending,inventory plus visual/content-specific regression gate,No file-specific defect identified during subsystem audit.,None beyond applicable subsystem gates.
server,frontend-next/e2e/single-pass-repair.spec.ts-snapshots/importer-review-repair-3440x1440-win32.png,binary-reference,production-frontend,inventory-reviewed; final subsystem gate pending,inventory plus visual/content-specific regression gate,No file-specific defect identified during subsystem audit.,None beyond applicable subsystem gates.
server,frontend-next/e2e/single-pass-repair.spec.ts-snapshots/importer-review-repair-390x844-win32.png,binary-reference,production-frontend,inventory-reviewed; final subsystem gate pending,inventory plus visual/content-specific regression gate,No file-specific defect identified during subsystem audit.,None beyond applicable subsystem gates.
server,frontend-next/e2e/single-pass-repair.spec.ts-snapshots/importer-review-repair-768x1024-win32.png,binary-reference,production-frontend,inventory-reviewed; final subsystem gate pending,inventory plus visual/content-specific regression gate,No file-specific defect identified during subsystem audit.,None beyond applicable subsystem gates.
server,frontend-next/e2e/single-pass-repair.spec.ts-snapshots/importer-review-tablet-win32.png,binary-reference,production-frontend,inventory-reviewed; final subsystem gate pending,inventory plus visual/content-specific regression gate,No file-specific defect identified during subsystem audit.,None beyond applicable subsystem gates.
server,frontend-next/e2e/single-pass-repair.spec.ts-snapshots/importer-review-webkit-win32.png,binary-reference,production-frontend,inventory-reviewed; final subsystem gate pending,inventory plus visual/content-specific regression gate,No file-specific defect identified during subsystem audit.,None beyond applicable subsystem gates.
server,frontend-next/e2e/single-pass-repair.spec.ts-snapshots/importer-upload-desktop-light-win32.png,binary-reference,production-frontend,inventory-reviewed; final subsystem gate pending,inventory plus visual/content-specific regression gate,No file-specific defect identified during subsystem audit.,None beyond applicable subsystem gates.
server,frontend-next/e2e/single-pass-repair.spec.ts-snapshots/importer-upload-desktop-win32.png,binary-reference,production-frontend,inventory-reviewed; final subsystem gate pending,inventory plus visual/content-specific regression gate,No file-specific defect identified during subsystem audit.,None beyond applicable subsystem gates.
server,frontend-next/e2e/single-pass-repair.spec.ts-snapshots/importer-upload-firefox-win32.png,binary-reference,production-frontend,inventory-reviewed; final subsystem gate pending,inventory plus visual/content-specific regression gate,No file-specific defect identified during subsystem audit.,None beyond applicable subsystem gates.
server,frontend-next/e2e/single-pass-repair.spec.ts-snapshots/importer-upload-mobile-win32.png,binary-reference,production-frontend,inventory-reviewed; final subsystem gate pending,inventory plus visual/content-specific regression gate,No file-specific defect identified during subsystem audit.,None beyond applicable subsystem gates.
server,frontend-next/e2e/single-pass-repair.spec.ts-snapshots/importer-upload-repair-1920x1080-win32.png,binary-reference,production-frontend,inventory-reviewed; final subsystem gate pending,inventory plus visual/content-specific regression gate,No file-specific defect identified during subsystem audit.,None beyond applicable subsystem gates.
server,frontend-next/e2e/single-pass-repair.spec.ts-snapshots/importer-upload-repair-3440x1440-win32.png,binary-reference,production-frontend,inventory-reviewed; final subsystem gate pending,inventory plus visual/content-specific regression gate,No file-specific defect identified during subsystem audit.,None beyond applicable subsystem gates.
server,frontend-next/e2e/single-pass-repair.spec.ts-snapshots/importer-upload-repair-390x844-win32.png,binary-reference,production-frontend,inventory-reviewed; final subsystem gate pending,inventory plus visual/content-specific regression gate,No file-specific defect identified during subsystem audit.,None beyond applicable subsystem gates.
server,frontend-next/e2e/single-pass-repair.spec.ts-snapshots/importer-upload-repair-768x1024-win32.png,binary-reference,production-frontend,inventory-reviewed; final subsystem gate pending,inventory plus visual/content-specific regression gate,No file-specific defect identified during subsystem audit.,None beyond applicable subsystem gates.
server,frontend-next/e2e/single-pass-repair.spec.ts-snapshots/importer-upload-tablet-win32.png,binary-reference,production-frontend,inventory-reviewed; final subsystem gate pending,inventory plus visual/content-specific regression gate,No file-specific defect identified during subsystem audit.,None beyond applicable subsystem gates.
server,frontend-next/e2e/single-pass-repair.spec.ts-snapshots/importer-upload-webkit-win32.png,binary-reference,production-frontend,inventory-reviewed; final subsystem gate pending,inventory plus visual/content-specific regression gate,No file-specific defect identified during subsystem audit.,None beyond applicable subsystem gates.
server,frontend-next/e2e/single-pass-repair.spec.ts-snapshots/rate-editor-adjust-rates-compare-desktop-light-win32.png,binary-reference,production-frontend,inventory-reviewed; final subsystem gate pending,inventory plus visual/content-specific regression gate,No file-specific defect identified during subsystem audit.,None beyond applicable subsystem gates.
server,frontend-next/e2e/single-pass-repair.spec.ts-snapshots/rate-editor-adjust-rates-compare-desktop-win32.png,binary-reference,production-frontend,inventory-reviewed; final subsystem gate pending,inventory plus visual/content-specific regression gate,No file-specific defect identified during subsystem audit.,None beyond applicable subsystem gates.
server,frontend-next/e2e/single-pass-repair.spec.ts-snapshots/rate-editor-adjust-rates-compare-firefox-win32.png,binary-reference,production-frontend,inventory-reviewed; final subsystem gate pending,inventory plus visual/content-specific regression gate,No file-specific defect identified during subsystem audit.,None beyond applicable subsystem gates.
server,frontend-next/e2e/single-pass-repair.spec.ts-snapshots/rate-editor-adjust-rates-compare-mobile-win32.png,binary-reference,production-frontend,inventory-reviewed; final subsystem gate pending,inventory plus visual/content-specific regression gate,No file-specific defect identified during subsystem audit.,None beyond applicable subsystem gates.
server,frontend-next/e2e/single-pass-repair.spec.ts-snapshots/rate-editor-adjust-rates-compare-tablet-win32.png,binary-reference,production-frontend,inventory-reviewed; final subsystem gate pending,inventory plus visual/content-specific regression gate,No file-specific defect identified during subsystem audit.,None beyond applicable subsystem gates.
server,frontend-next/e2e/single-pass-repair.spec.ts-snapshots/rate-editor-adjust-rates-compare-webkit-win32.png,binary-reference,production-frontend,inventory-reviewed; final subsystem gate pending,inventory plus visual/content-specific regression gate,No file-specific defect identified during subsystem audit.,None beyond applicable subsystem gates.
server,frontend-next/e2e/single-pass-repair.spec.ts-snapshots/rate-editor-details-desktop-light-win32.png,binary-reference,production-frontend,inventory-reviewed; final subsystem gate pending,inventory plus visual/content-specific regression gate,No file-specific defect identified during subsystem audit.,None beyond applicable subsystem gates.
server,frontend-next/e2e/single-pass-repair.spec.ts-snapshots/rate-editor-details-desktop-win32.png,binary-reference,production-frontend,inventory-reviewed; final subsystem gate pending,inventory plus visual/content-specific regression gate,No file-specific defect identified during subsystem audit.,None beyond applicable subsystem gates.
server,frontend-next/e2e/single-pass-repair.spec.ts-snapshots/rate-editor-details-firefox-win32.png,binary-reference,production-frontend,inventory-reviewed; final subsystem gate pending,inventory plus visual/content-specific regression gate,No file-specific defect identified during subsystem audit.,None beyond applicable subsystem gates.
server,frontend-next/e2e/single-pass-repair.spec.ts-snapshots/rate-editor-details-mobile-win32.png,binary-reference,production-frontend,inventory-reviewed; final subsystem gate pending,inventory plus visual/content-specific regression gate,No file-specific defect identified during subsystem audit.,None beyond applicable subsystem gates.
server,frontend-next/e2e/single-pass-repair.spec.ts-snapshots/rate-editor-details-repair-1920x1080-win32.png,binary-reference,production-frontend,inventory-reviewed; final subsystem gate pending,inventory plus visual/content-specific regression gate,No file-specific defect identified during subsystem audit.,None beyond applicable subsystem gates.
server,frontend-next/e2e/single-pass-repair.spec.ts-snapshots/rate-editor-details-repair-3440x1440-win32.png,binary-reference,production-frontend,inventory-reviewed; final subsystem gate pending,inventory plus visual/content-specific regression gate,No file-specific defect identified during subsystem audit.,None beyond applicable subsystem gates.
server,frontend-next/e2e/single-pass-repair.spec.ts-snapshots/rate-editor-details-repair-390x844-win32.png,binary-reference,production-frontend,inventory-reviewed; final subsystem gate pending,inventory plus visual/content-specific regression gate,No file-specific defect identified during subsystem audit.,None beyond applicable subsystem gates.
server,frontend-next/e2e/single-pass-repair.spec.ts-snapshots/rate-editor-details-repair-768x1024-win32.png,binary-reference,production-frontend,inventory-reviewed; final subsystem gate pending,inventory plus visual/content-specific regression gate,No file-specific defect identified during subsystem audit.,None beyond applicable subsystem gates.
server,frontend-next/e2e/single-pass-repair.spec.ts-snapshots/rate-editor-details-tablet-win32.png,binary-reference,production-frontend,inventory-reviewed; final subsystem gate pending,inventory plus visual/content-specific regression gate,No file-specific defect identified during subsystem audit.,None beyond applicable subsystem gates.
server,frontend-next/e2e/single-pass-repair.spec.ts-snapshots/rate-editor-details-webkit-win32.png,binary-reference,production-frontend,inventory-reviewed; final subsystem gate pending,inventory plus visual/content-specific regression gate,No file-specific defect identified during subsystem audit.,None beyond applicable subsystem gates.
server,frontend-next/e2e/single-pass-repair.spec.ts-snapshots/rate-editor-lifecycle-desktop-light-win32.png,binary-reference,production-frontend,inventory-reviewed; final subsystem gate pending,inventory plus visual/content-specific regression gate,No file-specific defect identified during subsystem audit.,None beyond applicable subsystem gates.
server,frontend-next/e2e/single-pass-repair.spec.ts-snapshots/rate-editor-lifecycle-desktop-win32.png,binary-reference,production-frontend,inventory-reviewed; final subsystem gate pending,inventory plus visual/content-specific regression gate,No file-specific defect identified during subsystem audit.,None beyond applicable subsystem gates.
server,frontend-next/e2e/single-pass-repair.spec.ts-snapshots/rate-editor-lifecycle-firefox-win32.png,binary-reference,production-frontend,inventory-reviewed; final subsystem gate pending,inventory plus visual/content-specific regression gate,No file-specific defect identified during subsystem audit.,None beyond applicable subsystem gates.
server,frontend-next/e2e/single-pass-repair.spec.ts-snapshots/rate-editor-lifecycle-mobile-win32.png,binary-reference,production-frontend,inventory-reviewed; final subsystem gate pending,inventory plus visual/content-specific regression gate,No file-specific defect identified during subsystem audit.,None beyond applicable subsystem gates.
server,frontend-next/e2e/single-pass-repair.spec.ts-snapshots/rate-editor-lifecycle-repair-1920x1080-win32.png,binary-reference,production-frontend,inventory-reviewed; final subsystem gate pending,inventory plus visual/content-specific regression gate,No file-specific defect identified during subsystem audit.,None beyond applicable subsystem gates.
server,frontend-next/e2e/single-pass-repair.spec.ts-snapshots/rate-editor-lifecycle-repair-3440x1440-win32.png,binary-reference,production-frontend,inventory-reviewed; final subsystem gate pending,inventory plus visual/content-specific regression gate,No file-specific defect identified during subsystem audit.,None beyond applicable subsystem gates.
server,frontend-next/e2e/single-pass-repair.spec.ts-snapshots/rate-editor-lifecycle-repair-390x844-win32.png,binary-reference,production-frontend,inventory-reviewed; final subsystem gate pending,inventory plus visual/content-specific regression gate,No file-specific defect identified during subsystem audit.,None beyond applicable subsystem gates.
server,frontend-next/e2e/single-pass-repair.spec.ts-snapshots/rate-editor-lifecycle-repair-768x1024-win32.png,binary-reference,production-frontend,inventory-reviewed; final subsystem gate pending,inventory plus visual/content-specific regression gate,No file-specific defect identified during subsystem audit.,None beyond applicable subsystem gates.
server,frontend-next/e2e/single-pass-repair.spec.ts-snapshots/rate-editor-lifecycle-tablet-win32.png,binary-reference,production-frontend,inventory-reviewed; final subsystem gate pending,inventory plus visual/content-specific regression gate,No file-specific defect identified during subsystem audit.,None beyond applicable subsystem gates.
server,frontend-next/e2e/single-pass-repair.spec.ts-snapshots/rate-editor-lifecycle-webkit-win32.png,binary-reference,production-frontend,inventory-reviewed; final subsystem gate pending,inventory plus visual/content-specific regression gate,No file-specific defect identified during subsystem audit.,None beyond applicable subsystem gates.
server,frontend-next/e2e/single-pass-repair.spec.ts-snapshots/rate-editor-schedules-desktop-light-win32.png,binary-reference,production-frontend,inventory-reviewed; final subsystem gate pending,inventory plus visual/content-specific regression gate,No file-specific defect identified during subsystem audit.,None beyond applicable subsystem gates.
server,frontend-next/e2e/single-pass-repair.spec.ts-snapshots/rate-editor-schedules-desktop-win32.png,binary-reference,production-frontend,inventory-reviewed; final subsystem gate pending,inventory plus visual/content-specific regression gate,No file-specific defect identified during subsystem audit.,None beyond applicable subsystem gates.
server,frontend-next/e2e/single-pass-repair.spec.ts-snapshots/rate-editor-schedules-firefox-win32.png,binary-reference,production-frontend,inventory-reviewed; final subsystem gate pending,inventory plus visual/content-specific regression gate,No file-specific defect identified during subsystem audit.,None beyond applicable subsystem gates.
server,frontend-next/e2e/single-pass-repair.spec.ts-snapshots/rate-editor-schedules-mobile-win32.png,binary-reference,production-frontend,inventory-reviewed; final subsystem gate pending,inventory plus visual/content-specific regression gate,No file-specific defect identified during subsystem audit.,None beyond applicable subsystem gates.
server,frontend-next/e2e/single-pass-repair.spec.ts-snapshots/rate-editor-schedules-repair-1920x1080-win32.png,binary-reference,production-frontend,inventory-reviewed; final subsystem gate pending,inventory plus visual/content-specific regression gate,No file-specific defect identified during subsystem audit.,None beyond applicable subsystem gates.
server,frontend-next/e2e/single-pass-repair.spec.ts-snapshots/rate-editor-schedules-repair-3440x1440-win32.png,binary-reference,production-frontend,inventory-reviewed; final subsystem gate pending,inventory plus visual/content-specific regression gate,No file-specific defect identified during subsystem audit.,None beyond applicable subsystem gates.
server,frontend-next/e2e/single-pass-repair.spec.ts-snapshots/rate-editor-schedules-repair-390x844-win32.png,binary-reference,production-frontend,inventory-reviewed; final subsystem gate pending,inventory plus visual/content-specific regression gate,No file-specific defect identified during subsystem audit.,None beyond applicable subsystem gates.
server,frontend-next/e2e/single-pass-repair.spec.ts-snapshots/rate-editor-schedules-repair-768x1024-win32.png,binary-reference,production-frontend,inventory-reviewed; final subsystem gate pending,inventory plus visual/content-specific regression gate,No file-specific defect identified during subsystem audit.,None beyond applicable subsystem gates.
server,frontend-next/e2e/single-pass-repair.spec.ts-snapshots/rate-editor-schedules-tablet-win32.png,binary-reference,production-frontend,inventory-reviewed; final subsystem gate pending,inventory plus visual/content-specific regression gate,No file-specific defect identified during subsystem audit.,None beyond applicable subsystem gates.
server,frontend-next/e2e/single-pass-repair.spec.ts-snapshots/rate-editor-schedules-webkit-win32.png,binary-reference,production-frontend,inventory-reviewed; final subsystem gate pending,inventory plus visual/content-specific regression gate,No file-specific defect identified during subsystem audit.,None beyond applicable subsystem gates.
server,frontend-next/e2e/single-pass-repair.spec.ts-snapshots/rate-editor-source-check-completed-desktop-light-win32.png,binary-reference,production-frontend,inventory-reviewed; final subsystem gate pending,inventory plus visual/content-specific regression gate,No file-specific defect identified during subsystem audit.,None beyond applicable subsystem gates.
server,frontend-next/e2e/single-pass-repair.spec.ts-snapshots/rate-editor-source-check-completed-desktop-win32.png,binary-reference,production-frontend,inventory-reviewed; final subsystem gate pending,inventory plus visual/content-specific regression gate,No file-specific defect identified during subsystem audit.,None beyond applicable subsystem gates.
server,frontend-next/e2e/single-pass-repair.spec.ts-snapshots/rate-editor-source-check-completed-firefox-win32.png,binary-reference,production-frontend,inventory-reviewed; final subsystem gate pending,inventory plus visual/content-specific regression gate,No file-specific defect identified during subsystem audit.,None beyond applicable subsystem gates.
server,frontend-next/e2e/single-pass-repair.spec.ts-snapshots/rate-editor-source-check-completed-mobile-win32.png,binary-reference,production-frontend,inventory-reviewed; final subsystem gate pending,inventory plus visual/content-specific regression gate,No file-specific defect identified during subsystem audit.,None beyond applicable subsystem gates.
server,frontend-next/e2e/single-pass-repair.spec.ts-snapshots/rate-editor-source-check-completed-tablet-win32.png,binary-reference,production-frontend,inventory-reviewed; final subsystem gate pending,inventory plus visual/content-specific regression gate,No file-specific defect identified during subsystem audit.,None beyond applicable subsystem gates.
server,frontend-next/e2e/single-pass-repair.spec.ts-snapshots/rate-editor-source-check-completed-webkit-win32.png,binary-reference,production-frontend,inventory-reviewed; final subsystem gate pending,inventory plus visual/content-specific regression gate,No file-specific defect identified during subsystem audit.,None beyond applicable subsystem gates.
server,frontend-next/e2e/single-pass-repair.spec.ts-snapshots/rate-editor-sources-desktop-light-win32.png,binary-reference,production-frontend,inventory-reviewed; final subsystem gate pending,inventory plus visual/content-specific regression gate,No file-specific defect identified during subsystem audit.,None beyond applicable subsystem gates.
server,frontend-next/e2e/single-pass-repair.spec.ts-snapshots/rate-editor-sources-desktop-win32.png,binary-reference,production-frontend,inventory-reviewed; final subsystem gate pending,inventory plus visual/content-specific regression gate,No file-specific defect identified during subsystem audit.,None beyond applicable subsystem gates.
server,frontend-next/e2e/single-pass-repair.spec.ts-snapshots/rate-editor-sources-firefox-win32.png,binary-reference,production-frontend,inventory-reviewed; final subsystem gate pending,inventory plus visual/content-specific regression gate,No file-specific defect identified during subsystem audit.,None beyond applicable subsystem gates.
server,frontend-next/e2e/single-pass-repair.spec.ts-snapshots/rate-editor-sources-mobile-win32.png,binary-reference,production-frontend,inventory-reviewed; final subsystem gate pending,inventory plus visual/content-specific regression gate,No file-specific defect identified during subsystem audit.,None beyond applicable subsystem gates.
server,frontend-next/e2e/single-pass-repair.spec.ts-snapshots/rate-editor-sources-repair-1920x1080-win32.png,binary-reference,production-frontend,inventory-reviewed; final subsystem gate pending,inventory plus visual/content-specific regression gate,No file-specific defect identified during subsystem audit.,None beyond applicable subsystem gates.
server,frontend-next/e2e/single-pass-repair.spec.ts-snapshots/rate-editor-sources-repair-3440x1440-win32.png,binary-reference,production-frontend,inventory-reviewed; final subsystem gate pending,inventory plus visual/content-specific regression gate,No file-specific defect identified during subsystem audit.,None beyond applicable subsystem gates.
server,frontend-next/e2e/single-pass-repair.spec.ts-snapshots/rate-editor-sources-repair-390x844-win32.png,binary-reference,production-frontend,inventory-reviewed; final subsystem gate pending,inventory plus visual/content-specific regression gate,No file-specific defect identified during subsystem audit.,None beyond applicable subsystem gates.
server,frontend-next/e2e/single-pass-repair.spec.ts-snapshots/rate-editor-sources-repair-768x1024-win32.png,binary-reference,production-frontend,inventory-reviewed; final subsystem gate pending,inventory plus visual/content-specific regression gate,No file-specific defect identified during subsystem audit.,None beyond applicable subsystem gates.
server,frontend-next/e2e/single-pass-repair.spec.ts-snapshots/rate-editor-sources-tablet-win32.png,binary-reference,production-frontend,inventory-reviewed; final subsystem gate pending,inventory plus visual/content-specific regression gate,No file-specific defect identified during subsystem audit.,None beyond applicable subsystem gates.
server,frontend-next/e2e/single-pass-repair.spec.ts-snapshots/rate-editor-sources-webkit-win32.png,binary-reference,production-frontend,inventory-reviewed; final subsystem gate pending,inventory plus visual/content-specific regression gate,No file-specific defect identified during subsystem audit.,None beyond applicable subsystem gates.
server,frontend-next/e2e/viewer-access.spec.ts,test-or-simulator,production-frontend,inventory-reviewed; final subsystem gate pending,"inventory plus static analysis, compile/lint, and subsystem regression gates",No file-specific defect identified during subsystem audit.,None beyond applicable subsystem gates.
server,frontend-next/e2e/viewer-access.spec.ts-snapshots/viewer-billing-desktop-win32.png,binary-reference,production-frontend,inventory-reviewed; final subsystem gate pending,inventory plus visual/content-specific regression gate,No file-specific defect identified during subsystem audit.,None beyond applicable subsystem gates.
server,frontend-next/e2e/viewer-access.spec.ts-snapshots/viewer-billing-edge-win32.png,binary-reference,production-frontend,inventory-reviewed; final subsystem gate pending,inventory plus visual/content-specific regression gate,No file-specific defect identified during subsystem audit.,None beyond applicable subsystem gates.
server,frontend-next/e2e/viewer-access.spec.ts-snapshots/viewer-billing-firefox-win32.png,binary-reference,production-frontend,inventory-reviewed; final subsystem gate pending,inventory plus visual/content-specific regression gate,No file-specific defect identified during subsystem audit.,None beyond applicable subsystem gates.
server,frontend-next/e2e/viewer-access.spec.ts-snapshots/viewer-billing-mobile-win32.png,binary-reference,production-frontend,inventory-reviewed; final subsystem gate pending,inventory plus visual/content-specific regression gate,No file-specific defect identified during subsystem audit.,None beyond applicable subsystem gates.
server,frontend-next/e2e/viewer-access.spec.ts-snapshots/viewer-billing-webkit-win32.png,binary-reference,production-frontend,inventory-reviewed; final subsystem gate pending,inventory plus visual/content-specific regression gate,No file-specific defect identified during subsystem audit.,None beyond applicable subsystem gates.
server,frontend-next/e2e/viewer-access.spec.ts-snapshots/viewer-history-desktop-win32.png,binary-reference,production-frontend,inventory-reviewed; final subsystem gate pending,inventory plus visual/content-specific regression gate,No file-specific defect identified during subsystem audit.,None beyond applicable subsystem gates.
server,frontend-next/e2e/viewer-access.spec.ts-snapshots/viewer-history-edge-win32.png,binary-reference,production-frontend,inventory-reviewed; final subsystem gate pending,inventory plus visual/content-specific regression gate,No file-specific defect identified during subsystem audit.,None beyond applicable subsystem gates.
server,frontend-next/e2e/viewer-access.spec.ts-snapshots/viewer-history-firefox-win32.png,binary-reference,production-frontend,inventory-reviewed; final subsystem gate pending,inventory plus visual/content-specific regression gate,No file-specific defect identified during subsystem audit.,None beyond applicable subsystem gates.
server,frontend-next/e2e/viewer-access.spec.ts-snapshots/viewer-history-mobile-win32.png,binary-reference,production-frontend,inventory-reviewed; final subsystem gate pending,inventory plus visual/content-specific regression gate,No file-specific defect identified during subsystem audit.,None beyond applicable subsystem gates.
server,frontend-next/e2e/viewer-access.spec.ts-snapshots/viewer-history-webkit-win32.png,binary-reference,production-frontend,inventory-reviewed; final subsystem gate pending,inventory plus visual/content-specific regression gate,No file-specific defect identified during subsystem audit.,None beyond applicable subsystem gates.
server,frontend-next/e2e/viewer-access.spec.ts-snapshots/viewer-home-desktop-win32.png,binary-reference,production-frontend,inventory-reviewed; final subsystem gate pending,inventory plus visual/content-specific regression gate,No file-specific defect identified during subsystem audit.,None beyond applicable subsystem gates.
server,frontend-next/e2e/viewer-access.spec.ts-snapshots/viewer-home-edge-win32.png,binary-reference,production-frontend,inventory-reviewed; final subsystem gate pending,inventory plus visual/content-specific regression gate,No file-specific defect identified during subsystem audit.,None beyond applicable subsystem gates.
server,frontend-next/e2e/viewer-access.spec.ts-snapshots/viewer-home-firefox-win32.png,binary-reference,production-frontend,inventory-reviewed; final subsystem gate pending,inventory plus visual/content-specific regression gate,No file-specific defect identified during subsystem audit.,None beyond applicable subsystem gates.
server,frontend-next/e2e/viewer-access.spec.ts-snapshots/viewer-home-mobile-win32.png,binary-reference,production-frontend,inventory-reviewed; final subsystem gate pending,inventory plus visual/content-specific regression gate,No file-specific defect identified during subsystem audit.,None beyond applicable subsystem gates.
server,frontend-next/e2e/viewer-access.spec.ts-snapshots/viewer-home-webkit-win32.png,binary-reference,production-frontend,inventory-reviewed; final subsystem gate pending,inventory plus visual/content-specific regression gate,No file-specific defect identified during subsystem audit.,None beyond applicable subsystem gates.
server,frontend-next/eslint.config.js,first-party-text,production-frontend,inventory-reviewed; final subsystem gate pending,"inventory plus static analysis, compile/lint, and subsystem regression gates",No file-specific defect identified during subsystem audit.,None beyond applicable subsystem gates.
server,frontend-next/index.html,first-party-text,production-frontend,inventory-reviewed; final subsystem gate pending,"inventory plus static analysis, compile/lint, and subsystem regression gates",No file-specific defect identified during subsystem audit.,None beyond applicable subsystem gates.
server,frontend-next/package-lock.json,dependency-lock,production-frontend,inventory-reviewed; final subsystem gate pending,inventory plus pinned dependency/build reproduction,No file-specific defect identified during subsystem audit.,None beyond applicable subsystem gates.
server,frontend-next/package.json,first-party-text,production-frontend,inventory-reviewed; final subsystem gate pending,"inventory plus static analysis, compile/lint, and subsystem regression gates",No file-specific defect identified during subsystem audit.,None beyond applicable subsystem gates.
server,frontend-next/playwright.config.ts,first-party-text,production-frontend,inventory-reviewed; final subsystem gate pending,"inventory plus static analysis, compile/lint, and subsystem regression gates",No file-specific defect identified during subsystem audit.,None beyond applicable subsystem gates.
server,frontend-next/playwright.repair.config.ts,first-party-text,production-frontend,inventory-reviewed; final subsystem gate pending,"inventory plus static analysis, compile/lint, and subsystem regression gates",No file-specific defect identified during subsystem audit.,None beyond applicable subsystem gates.
server,frontend-next/scripts/verify-production-bundle.mjs,first-party-text,production-frontend,inventory-reviewed; final subsystem gate pending,"inventory plus static analysis, compile/lint, and subsystem regression gates",No file-specific defect identified during subsystem audit.,None beyond applicable subsystem gates.
server,frontend-next/src/access/permissions.ts,first-party-text,production-frontend,inventory-reviewed; final subsystem gate pending,"inventory plus static analysis, compile/lint, and subsystem regression gates",No file-specific defect identified during subsystem audit.,None beyond applicable subsystem gates.
server,frontend-next/src/api/adapters.ts,first-party-text,production-frontend,inventory-reviewed; final subsystem gate pending,"inventory plus static analysis, compile/lint, and subsystem regression gates",No file-specific defect identified during subsystem audit.,None beyond applicable subsystem gates.
server,frontend-next/src/api/client.ts,first-party-text,production-frontend,inventory-reviewed; final subsystem gate pending,"inventory plus static analysis, compile/lint, and subsystem regression gates",No file-specific defect identified during subsystem audit.,None beyond applicable subsystem gates.
server,frontend-next/src/api/validation.ts,first-party-text,production-frontend,inventory-reviewed; final subsystem gate pending,"inventory plus static analysis, compile/lint, and subsystem regression gates",No file-specific defect identified during subsystem audit.,None beyond applicable subsystem gates.
server,frontend-next/src/app/App.tsx,first-party-text,production-frontend,inventory-reviewed; final subsystem gate pending,"inventory plus static analysis, compile/lint, and subsystem regression gates",No file-specific defect identified during subsystem audit.,None beyond applicable subsystem gates.
server,frontend-next/src/app/AppProviders.tsx,first-party-text,production-frontend,inventory-reviewed; final subsystem gate pending,"inventory plus static analysis, compile/lint, and subsystem regression gates",No file-specific defect identified during subsystem audit.,None beyond applicable subsystem gates.
server,frontend-next/src/app/AppShell.tsx,first-party-text,production-frontend,inventory-reviewed; final subsystem gate pending,"inventory plus static analysis, compile/lint, and subsystem regression gates",No file-specific defect identified during subsystem audit.,None beyond applicable subsystem gates.
server,frontend-next/src/app/ErrorBoundaries.tsx,first-party-text,production-frontend,inventory-reviewed; final subsystem gate pending,"inventory plus static analysis, compile/lint, and subsystem regression gates",No file-specific defect identified during subsystem audit.,None beyond applicable subsystem gates.
server,frontend-next/src/app/bootstrap.tsx,first-party-text,production-frontend,inventory-reviewed; final subsystem gate pending,"inventory plus static analysis, compile/lint, and subsystem regression gates",No file-specific defect identified during subsystem audit.,None beyond applicable subsystem gates.
server,frontend-next/src/app/router.tsx,first-party-text,production-frontend,inventory-reviewed; final subsystem gate pending,"inventory plus static analysis, compile/lint, and subsystem regression gates",No file-specific defect identified during subsystem audit.,None beyond applicable subsystem gates.
server,frontend-next/src/components/charts/EnergyChart.tsx,first-party-text,production-frontend,inventory-reviewed; final subsystem gate pending,"inventory plus static analysis, compile/lint, and subsystem regression gates",No file-specific defect identified during subsystem audit.,None beyond applicable subsystem gates.
server,frontend-next/src/components/charts/ResponsiveChartFrame.tsx,first-party-text,production-frontend,inventory-reviewed; final subsystem gate pending,"inventory plus static analysis, compile/lint, and subsystem regression gates",No file-specific defect identified during subsystem audit.,None beyond applicable subsystem gates.
server,frontend-next/src/components/charts/chartUtils.ts,first-party-text,production-frontend,inventory-reviewed; final subsystem gate pending,"inventory plus static analysis, compile/lint, and subsystem regression gates",No file-specific defect identified during subsystem audit.,None beyond applicable subsystem gates.
server,frontend-next/src/components/data-display/CoverageExplanation.tsx,first-party-text,production-frontend,inventory-reviewed; final subsystem gate pending,"inventory plus static analysis, compile/lint, and subsystem regression gates",No file-specific defect identified during subsystem audit.,None beyond applicable subsystem gates.
server,frontend-next/src/components/data-display/ElapsedTime.tsx,first-party-text,production-frontend,inventory-reviewed; final subsystem gate pending,"inventory plus static analysis, compile/lint, and subsystem regression gates",No file-specific defect identified during subsystem audit.,None beyond applicable subsystem gates.
server,frontend-next/src/components/data-display/Surface.tsx,first-party-text,production-frontend,inventory-reviewed; final subsystem gate pending,"inventory plus static analysis, compile/lint, and subsystem regression gates",No file-specific defect identified during subsystem audit.,None beyond applicable subsystem gates.
server,frontend-next/src/components/feedback/States.tsx,first-party-text,production-frontend,inventory-reviewed; final subsystem gate pending,"inventory plus static analysis, compile/lint, and subsystem regression gates",No file-specific defect identified during subsystem audit.,None beyond applicable subsystem gates.
server,frontend-next/src/components/layout/Layout.tsx,first-party-text,production-frontend,inventory-reviewed; final subsystem gate pending,"inventory plus static analysis, compile/lint, and subsystem regression gates",No file-specific defect identified during subsystem audit.,None beyond applicable subsystem gates.
server,frontend-next/src/components/overlays/DropdownMenu.tsx,first-party-text,production-frontend,inventory-reviewed; final subsystem gate pending,"inventory plus static analysis, compile/lint, and subsystem regression gates",No file-specific defect identified during subsystem audit.,None beyond applicable subsystem gates.
server,frontend-next/src/components/overlays/ModalLayer.tsx,first-party-text,production-frontend,inventory-reviewed; final subsystem gate pending,"inventory plus static analysis, compile/lint, and subsystem regression gates",No file-specific defect identified during subsystem audit.,None beyond applicable subsystem gates.
server,frontend-next/src/components/security/ProtectedChangeDialog.tsx,first-party-text,production-frontend,inventory-reviewed; final subsystem gate pending,"inventory plus static analysis, compile/lint, and subsystem regression gates",No file-specific defect identified during subsystem audit.,None beyond applicable subsystem gates.
server,frontend-next/src/features/alerts/AlertDrawer.tsx,first-party-text,production-frontend,inventory-reviewed; final subsystem gate pending,"inventory plus static analysis, compile/lint, and subsystem regression gates",No file-specific defect identified during subsystem audit.,None beyond applicable subsystem gates.
server,frontend-next/src/features/alerts/notificationSelectors.ts,first-party-text,production-frontend,inventory-reviewed; final subsystem gate pending,"inventory plus static analysis, compile/lint, and subsystem regression gates",No file-specific defect identified during subsystem audit.,None beyond applicable subsystem gates.
server,frontend-next/src/features/bill-import/BillImportFlow.tsx,first-party-text,production-frontend,inventory-reviewed; final subsystem gate pending,"inventory plus static analysis, compile/lint, and subsystem regression gates",No file-specific defect identified during subsystem audit.,None beyond applicable subsystem gates.
server,frontend-next/src/features/billing/CostCalculationSetup.tsx,first-party-text,production-frontend,inventory-reviewed; final subsystem gate pending,"inventory plus static analysis, compile/lint, and subsystem regression gates",No file-specific defect identified during subsystem audit.,None beyond applicable subsystem gates.
server,frontend-next/src/features/configuration/ConfigurationStatusSurface.tsx,first-party-text,production-frontend,inventory-reviewed; final subsystem gate pending,"inventory plus static analysis, compile/lint, and subsystem regression gates",No file-specific defect identified during subsystem audit.,None beyond applicable subsystem gates.
server,frontend-next/src/features/firmware/FirmwareFleetWorkflow.tsx,first-party-text,production-frontend,inventory-reviewed; final subsystem gate pending,"inventory plus static analysis, compile/lint, and subsystem regression gates",No file-specific defect identified during subsystem audit.,None beyond applicable subsystem gates.
server,frontend-next/src/features/firmware/FirmwareUpdateDialog.tsx,first-party-text,production-frontend,inventory-reviewed; final subsystem gate pending,"inventory plus static analysis, compile/lint, and subsystem regression gates",No file-specific defect identified during subsystem audit.,None beyond applicable subsystem gates.
server,frontend-next/src/features/history/historyQuery.ts,first-party-text,production-frontend,inventory-reviewed; final subsystem gate pending,"inventory plus static analysis, compile/lint, and subsystem regression gates",No file-specific defect identified during subsystem audit.,None beyond applicable subsystem gates.
server,frontend-next/src/features/rates/AdvancedRateSettings.tsx,first-party-text,production-frontend,inventory-reviewed; final subsystem gate pending,"inventory plus static analysis, compile/lint, and subsystem regression gates",No file-specific defect identified during subsystem audit.,None beyond applicable subsystem gates.
server,frontend-next/src/features/rates/StructuredRateEditor.tsx,first-party-text,production-frontend,inventory-reviewed; final subsystem gate pending,"inventory plus static analysis, compile/lint, and subsystem regression gates",No file-specific defect identified during subsystem audit.,None beyond applicable subsystem gates.
server,frontend-next/src/features/rates/lifecycle.ts,first-party-text,production-frontend,inventory-reviewed; final subsystem gate pending,"inventory plus static analysis, compile/lint, and subsystem regression gates",No file-specific defect identified during subsystem audit.,None beyond applicable subsystem gates.
server,frontend-next/src/features/rates/rateDocument.ts,first-party-text,production-frontend,inventory-reviewed; final subsystem gate pending,"inventory plus static analysis, compile/lint, and subsystem regression gates",No file-specific defect identified during subsystem audit.,None beyond applicable subsystem gates.
server,frontend-next/src/features/sensors/MeasurementAssignmentDialog.tsx,first-party-text,production-frontend,inventory-reviewed; final subsystem gate pending,"inventory plus static analysis, compile/lint, and subsystem regression gates",No file-specific defect identified during subsystem audit.,None beyond applicable subsystem gates.
server,frontend-next/src/features/sensors/SensorElectricalStrip.tsx,first-party-text,production-frontend,inventory-reviewed; final subsystem gate pending,"inventory plus static analysis, compile/lint, and subsystem regression gates",No file-specific defect identified during subsystem audit.,None beyond applicable subsystem gates.
server,frontend-next/src/features/sensors/SensorHealthEntry.tsx,first-party-text,production-frontend,inventory-reviewed; final subsystem gate pending,"inventory plus static analysis, compile/lint, and subsystem regression gates",No file-specific defect identified during subsystem audit.,None beyond applicable subsystem gates.
server,frontend-next/src/features/sensors/SensorSetupFlow.tsx,first-party-text,production-frontend,inventory-reviewed; final subsystem gate pending,"inventory plus static analysis, compile/lint, and subsystem regression gates",No file-specific defect identified during subsystem audit.,None beyond applicable subsystem gates.
server,frontend-next/src/main.tsx,first-party-text,production-frontend,inventory-reviewed; final subsystem gate pending,"inventory plus static analysis, compile/lint, and subsystem regression gates",No file-specific defect identified during subsystem audit.,None beyond applicable subsystem gates.
server,frontend-next/src/pages/auth/SignInPage.tsx,first-party-text,production-frontend,inventory-reviewed; final subsystem gate pending,"inventory plus static analysis, compile/lint, and subsystem regression gates",No file-specific defect identified during subsystem audit.,None beyond applicable subsystem gates.
server,frontend-next/src/pages/billing/BillingPage.tsx,first-party-text,production-frontend,inventory-reviewed; final subsystem gate pending,"inventory plus static analysis, compile/lint, and subsystem regression gates",No file-specific defect identified during subsystem audit.,None beyond applicable subsystem gates.
server,frontend-next/src/pages/history/HistoryPage.tsx,first-party-text,production-frontend,inventory-reviewed; final subsystem gate pending,"inventory plus static analysis, compile/lint, and subsystem regression gates","Baseline request identity, cancellation, and event refresh behavior could duplicate expensive work.","Stabilize query identity, propagate cancellation, coalesce active-site refreshes, and preserve pagination."
server,frontend-next/src/pages/home/HomePage.tsx,first-party-text,production-frontend,inventory-reviewed; final subsystem gate pending,"inventory plus static analysis, compile/lint, and subsystem regression gates",No file-specific defect identified during subsystem audit.,None beyond applicable subsystem gates.
server,frontend-next/src/pages/onboarding/OnboardingPage.tsx,first-party-text,production-frontend,inventory-reviewed; final subsystem gate pending,"inventory plus static analysis, compile/lint, and subsystem regression gates",No file-specific defect identified during subsystem audit.,None beyond applicable subsystem gates.
server,frontend-next/src/pages/settings/SettingsPage.tsx,first-party-text,production-frontend,inventory-reviewed; final subsystem gate pending,"inventory plus static analysis, compile/lint, and subsystem regression gates",No file-specific defect identified during subsystem audit.,None beyond applicable subsystem gates.
server,frontend-next/src/state/AppearanceContext.tsx,first-party-text,production-frontend,inventory-reviewed; final subsystem gate pending,"inventory plus static analysis, compile/lint, and subsystem regression gates",No file-specific defect identified during subsystem audit.,None beyond applicable subsystem gates.
server,frontend-next/src/state/AuthContext.tsx,first-party-text,production-frontend,inventory-reviewed; final subsystem gate pending,"inventory plus static analysis, compile/lint, and subsystem regression gates",No file-specific defect identified during subsystem audit.,None beyond applicable subsystem gates.
server,frontend-next/src/state/LiveHomeContext.tsx,first-party-text,production-frontend,inventory-reviewed; final subsystem gate pending,"inventory plus static analysis, compile/lint, and subsystem regression gates",No file-specific defect identified during subsystem audit.,None beyond applicable subsystem gates.
server,frontend-next/src/state/SecondClockContext.tsx,first-party-text,production-frontend,inventory-reviewed; final subsystem gate pending,"inventory plus static analysis, compile/lint, and subsystem regression gates",No file-specific defect identified during subsystem audit.,None beyond applicable subsystem gates.
server,frontend-next/src/state/SingleHomeContext.tsx,first-party-text,production-frontend,inventory-reviewed; final subsystem gate pending,"inventory plus static analysis, compile/lint, and subsystem regression gates",No file-specific defect identified during subsystem audit.,None beyond applicable subsystem gates.
server,frontend-next/src/state/TestModeContext.tsx,test-or-simulator,production-frontend,inventory-reviewed; final subsystem gate pending,"inventory plus static analysis, compile/lint, and subsystem regression gates",No file-specific defect identified during subsystem audit.,None beyond applicable subsystem gates.
server,frontend-next/src/theme/base.css,first-party-text,production-frontend,inventory-reviewed; final subsystem gate pending,"inventory plus static analysis, compile/lint, and subsystem regression gates",No file-specific defect identified during subsystem audit.,None beyond applicable subsystem gates.
server,frontend-next/src/theme/components.css,first-party-text,production-frontend,inventory-reviewed; final subsystem gate pending,"inventory plus static analysis, compile/lint, and subsystem regression gates",No file-specific defect identified during subsystem audit.,None beyond applicable subsystem gates.
server,frontend-next/src/theme/responsive.css,first-party-text,production-frontend,inventory-reviewed; final subsystem gate pending,"inventory plus static analysis, compile/lint, and subsystem regression gates",No file-specific defect identified during subsystem audit.,None beyond applicable subsystem gates.
server,frontend-next/src/theme/tokens.css,first-party-text,production-frontend,inventory-reviewed; final subsystem gate pending,"inventory plus static analysis, compile/lint, and subsystem regression gates",No file-specific defect identified during subsystem audit.,None beyond applicable subsystem gates.
server,frontend-next/src/types/models.ts,first-party-text,production-frontend,inventory-reviewed; final subsystem gate pending,"inventory plus static analysis, compile/lint, and subsystem regression gates",No file-specific defect identified during subsystem audit.,None beyond applicable subsystem gates.
server,frontend-next/src/utils/format.ts,first-party-text,production-frontend,inventory-reviewed; final subsystem gate pending,"inventory plus static analysis, compile/lint, and subsystem regression gates",No file-specific defect identified during subsystem audit.,None beyond applicable subsystem gates.
server,frontend-next/src/vite-env.d.ts,first-party-text,production-frontend,inventory-reviewed; final subsystem gate pending,"inventory plus static analysis, compile/lint, and subsystem regression gates",No file-specific defect identified during subsystem audit.,None beyond applicable subsystem gates.
server,frontend-next/tests/adapters.test.ts,test-or-simulator,production-frontend,inventory-reviewed; final subsystem gate pending,"inventory plus static analysis, compile/lint, and subsystem regression gates",No file-specific defect identified during subsystem audit.,None beyond applicable subsystem gates.
server,frontend-next/tests/appearance.test.tsx,test-or-simulator,production-frontend,inventory-reviewed; final subsystem gate pending,"inventory plus static analysis, compile/lint, and subsystem regression gates",No file-specific defect identified during subsystem audit.,None beyond applicable subsystem gates.
server,frontend-next/tests/architecture.test.tsx,test-or-simulator,production-frontend,inventory-reviewed; final subsystem gate pending,"inventory plus static analysis, compile/lint, and subsystem regression gates",No file-specific defect identified during subsystem audit.,None beyond applicable subsystem gates.
server,frontend-next/tests/billTariffUsageBoundary.test.tsx,test-or-simulator,production-frontend,inventory-reviewed; final subsystem gate pending,"inventory plus static analysis, compile/lint, and subsystem regression gates",No file-specific defect identified during subsystem audit.,None beyond applicable subsystem gates.
server,frontend-next/tests/configurationStatus.test.tsx,test-or-simulator,production-frontend,inventory-reviewed; final subsystem gate pending,"inventory plus static analysis, compile/lint, and subsystem regression gates",No file-specific defect identified during subsystem audit.,None beyond applicable subsystem gates.
server,frontend-next/tests/coverageExplanation.test.tsx,test-or-simulator,production-frontend,inventory-reviewed; final subsystem gate pending,"inventory plus static analysis, compile/lint, and subsystem regression gates",No file-specific defect identified during subsystem audit.,None beyond applicable subsystem gates.
server,frontend-next/tests/dropdownMenu.test.tsx,test-or-simulator,production-frontend,inventory-reviewed; final subsystem gate pending,"inventory plus static analysis, compile/lint, and subsystem regression gates",No file-specific defect identified during subsystem audit.,None beyond applicable subsystem gates.
server,frontend-next/tests/energyChart.test.ts,test-or-simulator,production-frontend,inventory-reviewed; final subsystem gate pending,"inventory plus static analysis, compile/lint, and subsystem regression gates",No file-specific defect identified during subsystem audit.,None beyond applicable subsystem gates.
server,frontend-next/tests/firmwareFleet.test.tsx,test-or-simulator,production-frontend,inventory-reviewed; final subsystem gate pending,"inventory plus static analysis, compile/lint, and subsystem regression gates",No file-specific defect identified during subsystem audit.,None beyond applicable subsystem gates.
server,frontend-next/tests/firmwareUpdate.test.tsx,test-or-simulator,production-frontend,inventory-reviewed; final subsystem gate pending,"inventory plus static analysis, compile/lint, and subsystem regression gates",No file-specific defect identified during subsystem audit.,None beyond applicable subsystem gates.
server,frontend-next/tests/format.test.ts,test-or-simulator,production-frontend,inventory-reviewed; final subsystem gate pending,"inventory plus static analysis, compile/lint, and subsystem regression gates",No file-specific defect identified during subsystem audit.,None beyond applicable subsystem gates.
server,frontend-next/tests/historyQuery.test.ts,test-or-simulator,production-frontend,inventory-reviewed; final subsystem gate pending,"inventory plus static analysis, compile/lint, and subsystem regression gates",No file-specific defect identified during subsystem audit.,None beyond applicable subsystem gates.
server,frontend-next/tests/layoutPrimitives.test.tsx,test-or-simulator,production-frontend,inventory-reviewed; final subsystem gate pending,"inventory plus static analysis, compile/lint, and subsystem regression gates",No file-specific defect identified during subsystem audit.,None beyond applicable subsystem gates.
server,frontend-next/tests/liveHomeContext.test.tsx,test-or-simulator,production-frontend,inventory-reviewed; final subsystem gate pending,"inventory plus static analysis, compile/lint, and subsystem regression gates",No file-specific defect identified during subsystem audit.,None beyond applicable subsystem gates.
server,frontend-next/tests/notificationSelectors.test.ts,test-or-simulator,production-frontend,inventory-reviewed; final subsystem gate pending,"inventory plus static analysis, compile/lint, and subsystem regression gates",No file-specific defect identified during subsystem audit.,None beyond applicable subsystem gates.
server,frontend-next/tests/notifications.test.tsx,test-or-simulator,production-frontend,inventory-reviewed; final subsystem gate pending,"inventory plus static analysis, compile/lint, and subsystem regression gates",No file-specific defect identified during subsystem audit.,None beyond applicable subsystem gates.
server,frontend-next/tests/permissions.test.ts,test-or-simulator,production-frontend,inventory-reviewed; final subsystem gate pending,"inventory plus static analysis, compile/lint, and subsystem regression gates",No file-specific defect identified during subsystem audit.,None beyond applicable subsystem gates.
server,frontend-next/tests/protectedPermissionChanges.test.tsx,test-or-simulator,production-frontend,inventory-reviewed; final subsystem gate pending,"inventory plus static analysis, compile/lint, and subsystem regression gates",No file-specific defect identified during subsystem audit.,None beyond applicable subsystem gates.
server,frontend-next/tests/rateWorkflows.test.tsx,test-or-simulator,production-frontend,inventory-reviewed; final subsystem gate pending,"inventory plus static analysis, compile/lint, and subsystem regression gates",No file-specific defect identified during subsystem audit.,None beyond applicable subsystem gates.
server,frontend-next/tests/responsiveChartFrame.test.tsx,test-or-simulator,production-frontend,inventory-reviewed; final subsystem gate pending,"inventory plus static analysis, compile/lint, and subsystem regression gates",No file-specific defect identified during subsystem audit.,None beyond applicable subsystem gates.
server,frontend-next/tests/responsiveLayout.test.ts,test-or-simulator,production-frontend,inventory-reviewed; final subsystem gate pending,"inventory plus static analysis, compile/lint, and subsystem regression gates",No file-specific defect identified during subsystem audit.,None beyond applicable subsystem gates.
server,frontend-next/tests/secondClock.test.tsx,test-or-simulator,production-frontend,inventory-reviewed; final subsystem gate pending,"inventory plus static analysis, compile/lint, and subsystem regression gates",No file-specific defect identified during subsystem audit.,None beyond applicable subsystem gates.
server,frontend-next/tests/sensorHealth.test.tsx,test-or-simulator,production-frontend,inventory-reviewed; final subsystem gate pending,"inventory plus static analysis, compile/lint, and subsystem regression gates",No file-specific defect identified during subsystem audit.,None beyond applicable subsystem gates.
server,frontend-next/tests/setup.ts,test-or-simulator,production-frontend,inventory-reviewed; final subsystem gate pending,"inventory plus static analysis, compile/lint, and subsystem regression gates",No file-specific defect identified during subsystem audit.,None beyond applicable subsystem gates.
server,frontend-next/tests/singlePassRepair.test.tsx,test-or-simulator,production-frontend,inventory-reviewed; final subsystem gate pending,"inventory plus static analysis, compile/lint, and subsystem regression gates",No file-specific defect identified during subsystem audit.,None beyond applicable subsystem gates.
server,frontend-next/tests/storageControls.test.tsx,test-or-simulator,production-frontend,inventory-reviewed; final subsystem gate pending,"inventory plus static analysis, compile/lint, and subsystem regression gates",No file-specific defect identified during subsystem audit.,None beyond applicable subsystem gates.
server,frontend-next/tests/topologyCostSetup.test.tsx,test-or-simulator,production-frontend,inventory-reviewed; final subsystem gate pending,"inventory plus static analysis, compile/lint, and subsystem regression gates",No file-specific defect identified during subsystem audit.,None beyond applicable subsystem gates.
server,frontend-next/tsconfig.app.json,first-party-text,production-frontend,inventory-reviewed; final subsystem gate pending,"inventory plus static analysis, compile/lint, and subsystem regression gates",No file-specific defect identified during subsystem audit.,None beyond applicable subsystem gates.
server,frontend-next/tsconfig.json,first-party-text,production-frontend,inventory-reviewed; final subsystem gate pending,"inventory plus static analysis, compile/lint, and subsystem regression gates",No file-specific defect identified during subsystem audit.,None beyond applicable subsystem gates.
server,frontend-next/tsconfig.node.json,first-party-text,production-frontend,inventory-reviewed; final subsystem gate pending,"inventory plus static analysis, compile/lint, and subsystem regression gates",No file-specific defect identified during subsystem audit.,None beyond applicable subsystem gates.
server,frontend-next/vite.config.ts,first-party-text,production-frontend,inventory-reviewed; final subsystem gate pending,"inventory plus static analysis, compile/lint, and subsystem regression gates",No file-specific defect identified during subsystem audit.,None beyond applicable subsystem gates.
server,frontend/e2e/bill-import.spec.ts,first-party-text,legacy-frontend,inventory-reviewed; final subsystem gate pending,"inventory plus static analysis, compile/lint, and subsystem regression gates",No file-specific defect identified during subsystem audit.,None beyond applicable subsystem gates.
server,frontend/e2e/rate-plan-lifecycle.spec.ts,first-party-text,legacy-frontend,inventory-reviewed; final subsystem gate pending,"inventory plus static analysis, compile/lint, and subsystem regression gates",No file-specific defect identified during subsystem audit.,None beyond applicable subsystem gates.
server,frontend/e2e/shell.spec.ts,first-party-text,legacy-frontend,inventory-reviewed; final subsystem gate pending,"inventory plus static analysis, compile/lint, and subsystem regression gates",No file-specific defect identified during subsystem audit.,None beyond applicable subsystem gates.
server,frontend/e2e/tiered-rates.spec.ts,first-party-text,legacy-frontend,inventory-reviewed; final subsystem gate pending,"inventory plus static analysis, compile/lint, and subsystem regression gates",No file-specific defect identified during subsystem audit.,None beyond applicable subsystem gates.
server,frontend/eslint.config.js,first-party-text,legacy-frontend,inventory-reviewed; final subsystem gate pending,"inventory plus static analysis, compile/lint, and subsystem regression gates",No file-specific defect identified during subsystem audit.,None beyond applicable subsystem gates.
server,frontend/index.html,first-party-text,legacy-frontend,inventory-reviewed; final subsystem gate pending,"inventory plus static analysis, compile/lint, and subsystem regression gates",No file-specific defect identified during subsystem audit.,None beyond applicable subsystem gates.
server,frontend/package-lock.json,dependency-lock,legacy-frontend,inventory-reviewed; final subsystem gate pending,inventory plus pinned dependency/build reproduction,No file-specific defect identified during subsystem audit.,None beyond applicable subsystem gates.
server,frontend/package.json,first-party-text,legacy-frontend,inventory-reviewed; final subsystem gate pending,"inventory plus static analysis, compile/lint, and subsystem regression gates",No file-specific defect identified during subsystem audit.,None beyond applicable subsystem gates.
server,frontend/playwright.config.ts,first-party-text,legacy-frontend,inventory-reviewed; final subsystem gate pending,"inventory plus static analysis, compile/lint, and subsystem regression gates",No file-specific defect identified during subsystem audit.,None beyond applicable subsystem gates.
server,frontend/src/App.tsx,first-party-text,legacy-frontend,inventory-reviewed; final subsystem gate pending,"inventory plus static analysis, compile/lint, and subsystem regression gates",No file-specific defect identified during subsystem audit.,None beyond applicable subsystem gates.
server,frontend/src/access.ts,first-party-text,legacy-frontend,inventory-reviewed; final subsystem gate pending,"inventory plus static analysis, compile/lint, and subsystem regression gates",No file-specific defect identified during subsystem audit.,None beyond applicable subsystem gates.
server,frontend/src/actions.tsx,first-party-text,legacy-frontend,inventory-reviewed; final subsystem gate pending,"inventory plus static analysis, compile/lint, and subsystem regression gates",No file-specific defect identified during subsystem audit.,None beyond applicable subsystem gates.
server,frontend/src/api.ts,first-party-text,legacy-frontend,inventory-reviewed; final subsystem gate pending,"inventory plus static analysis, compile/lint, and subsystem regression gates",No file-specific defect identified during subsystem audit.,None beyond applicable subsystem gates.
server,frontend/src/billImportContext.ts,first-party-text,legacy-frontend,inventory-reviewed; final subsystem gate pending,"inventory plus static analysis, compile/lint, and subsystem regression gates",No file-specific defect identified during subsystem audit.,None beyond applicable subsystem gates.
server,frontend/src/billImportMerge.ts,first-party-text,legacy-frontend,inventory-reviewed; final subsystem gate pending,"inventory plus static analysis, compile/lint, and subsystem regression gates",No file-specific defect identified during subsystem audit.,None beyond applicable subsystem gates.
server,frontend/src/buildInfo.ts,first-party-text,legacy-frontend,inventory-reviewed; final subsystem gate pending,"inventory plus static analysis, compile/lint, and subsystem regression gates",No file-specific defect identified during subsystem audit.,None beyond applicable subsystem gates.
server,frontend/src/components/AppErrorBoundary.tsx,first-party-text,legacy-frontend,inventory-reviewed; final subsystem gate pending,"inventory plus static analysis, compile/lint, and subsystem regression gates",No file-specific defect identified during subsystem audit.,None beyond applicable subsystem gates.
server,frontend/src/components/ApplicationLogs.tsx,first-party-text,legacy-frontend,inventory-reviewed; final subsystem gate pending,"inventory plus static analysis, compile/lint, and subsystem regression gates",No file-specific defect identified during subsystem audit.,None beyond applicable subsystem gates.
server,frontend/src/components/ClaimedSensors.tsx,first-party-text,legacy-frontend,inventory-reviewed; final subsystem gate pending,"inventory plus static analysis, compile/lint, and subsystem regression gates",No file-specific defect identified during subsystem audit.,None beyond applicable subsystem gates.
server,frontend/src/components/Layout.tsx,first-party-text,legacy-frontend,inventory-reviewed; final subsystem gate pending,"inventory plus static analysis, compile/lint, and subsystem regression gates",No file-specific defect identified during subsystem audit.,None beyond applicable subsystem gates.
server,frontend/src/components/NetworkPolicyPanel.tsx,first-party-text,legacy-frontend,inventory-reviewed; final subsystem gate pending,"inventory plus static analysis, compile/lint, and subsystem regression gates",No file-specific defect identified during subsystem audit.,None beyond applicable subsystem gates.
server,frontend/src/components/NotificationSettings.tsx,first-party-text,legacy-frontend,inventory-reviewed; final subsystem gate pending,"inventory plus static analysis, compile/lint, and subsystem regression gates",No file-specific defect identified during subsystem audit.,None beyond applicable subsystem gates.
server,frontend/src/components/StatusIndicators.tsx,first-party-text,legacy-frontend,inventory-reviewed; final subsystem gate pending,"inventory plus static analysis, compile/lint, and subsystem regression gates",No file-specific defect identified during subsystem audit.,None beyond applicable subsystem gates.
server,frontend/src/components/UI.tsx,first-party-text,legacy-frontend,inventory-reviewed; final subsystem gate pending,"inventory plus static analysis, compile/lint, and subsystem regression gates",No file-specific defect identified during subsystem audit.,None beyond applicable subsystem gates.
server,frontend/src/components/UtilityAccountsPanel.tsx,first-party-text,legacy-frontend,inventory-reviewed; final subsystem gate pending,"inventory plus static analysis, compile/lint, and subsystem regression gates",No file-specific defect identified during subsystem audit.,None beyond applicable subsystem gates.
server,frontend/src/formatters.ts,first-party-text,legacy-frontend,inventory-reviewed; final subsystem gate pending,"inventory plus static analysis, compile/lint, and subsystem regression gates",No file-specific defect identified during subsystem audit.,None beyond applicable subsystem gates.
server,frontend/src/generated/utilityAccountRateContext.ts,first-party-text,legacy-frontend,inventory-reviewed; final subsystem gate pending,"inventory plus static analysis, compile/lint, and subsystem regression gates",No file-specific defect identified during subsystem audit.,None beyond applicable subsystem gates.
server,frontend/src/hooks/useLiveEvents.ts,first-party-text,legacy-frontend,inventory-reviewed; final subsystem gate pending,"inventory plus static analysis, compile/lint, and subsystem regression gates",No file-specific defect identified during subsystem audit.,None beyond applicable subsystem gates.
server,frontend/src/hooks/useSelectedSite.ts,first-party-text,legacy-frontend,inventory-reviewed; final subsystem gate pending,"inventory plus static analysis, compile/lint, and subsystem regression gates",No file-specific defect identified during subsystem audit.,None beyond applicable subsystem gates.
server,frontend/src/interfaceText.tsx,first-party-text,legacy-frontend,inventory-reviewed; final subsystem gate pending,"inventory plus static analysis, compile/lint, and subsystem regression gates",No file-specific defect identified during subsystem audit.,None beyond applicable subsystem gates.
server,frontend/src/main.tsx,first-party-text,legacy-frontend,inventory-reviewed; final subsystem gate pending,"inventory plus static analysis, compile/lint, and subsystem regression gates",No file-specific defect identified during subsystem audit.,None beyond applicable subsystem gates.
server,frontend/src/pages/AccessDeniedPage.tsx,first-party-text,legacy-frontend,inventory-reviewed; final subsystem gate pending,"inventory plus static analysis, compile/lint, and subsystem regression gates",No file-specific defect identified during subsystem audit.,None beyond applicable subsystem gates.
server,frontend/src/pages/AdminPage.tsx,first-party-text,legacy-frontend,inventory-reviewed; final subsystem gate pending,"inventory plus static analysis, compile/lint, and subsystem regression gates",No file-specific defect identified during subsystem audit.,None beyond applicable subsystem gates.
server,frontend/src/pages/AlertsPage.tsx,first-party-text,legacy-frontend,inventory-reviewed; final subsystem gate pending,"inventory plus static analysis, compile/lint, and subsystem regression gates",No file-specific defect identified during subsystem audit.,None beyond applicable subsystem gates.
server,frontend/src/pages/AuthPage.tsx,first-party-text,legacy-frontend,inventory-reviewed; final subsystem gate pending,"inventory plus static analysis, compile/lint, and subsystem regression gates",No file-specific defect identified during subsystem audit.,None beyond applicable subsystem gates.
server,frontend/src/pages/BillImportPage.tsx,first-party-text,legacy-frontend,inventory-reviewed; final subsystem gate pending,"inventory plus static analysis, compile/lint, and subsystem regression gates",No file-specific defect identified during subsystem audit.,None beyond applicable subsystem gates.
server,frontend/src/pages/CostsPage.tsx,first-party-text,legacy-frontend,inventory-reviewed; final subsystem gate pending,"inventory plus static analysis, compile/lint, and subsystem regression gates",No file-specific defect identified during subsystem audit.,None beyond applicable subsystem gates.
server,frontend/src/pages/DashboardPage.tsx,first-party-text,legacy-frontend,inventory-reviewed; final subsystem gate pending,"inventory plus static analysis, compile/lint, and subsystem regression gates",No file-specific defect identified during subsystem audit.,None beyond applicable subsystem gates.
server,frontend/src/pages/DeviceDetailPage.tsx,first-party-text,legacy-frontend,inventory-reviewed; final subsystem gate pending,"inventory plus static analysis, compile/lint, and subsystem regression gates",No file-specific defect identified during subsystem audit.,None beyond applicable subsystem gates.
server,frontend/src/pages/DevicesPage.tsx,first-party-text,legacy-frontend,inventory-reviewed; final subsystem gate pending,"inventory plus static analysis, compile/lint, and subsystem regression gates",No file-specific defect identified during subsystem audit.,None beyond applicable subsystem gates.
server,frontend/src/pages/EnrollmentPage.tsx,first-party-text,legacy-frontend,inventory-reviewed; final subsystem gate pending,"inventory plus static analysis, compile/lint, and subsystem regression gates",No file-specific defect identified during subsystem audit.,None beyond applicable subsystem gates.
server,frontend/src/pages/FirmwarePage.tsx,first-party-text,legacy-frontend,inventory-reviewed; final subsystem gate pending,"inventory plus static analysis, compile/lint, and subsystem regression gates",No file-specific defect identified during subsystem audit.,None beyond applicable subsystem gates.
server,frontend/src/pages/HistoryPage.tsx,first-party-text,legacy-frontend,inventory-reviewed; final subsystem gate pending,"inventory plus static analysis, compile/lint, and subsystem regression gates",No file-specific defect identified during subsystem audit.,None beyond applicable subsystem gates.
server,frontend/src/pages/InterfaceTextPage.tsx,first-party-text,legacy-frontend,inventory-reviewed; final subsystem gate pending,"inventory plus static analysis, compile/lint, and subsystem regression gates",No file-specific defect identified during subsystem audit.,None beyond applicable subsystem gates.
server,frontend/src/pages/PhysicalSitesPage.tsx,first-party-text,legacy-frontend,inventory-reviewed; final subsystem gate pending,"inventory plus static analysis, compile/lint, and subsystem regression gates",No file-specific defect identified during subsystem audit.,None beyond applicable subsystem gates.
server,frontend/src/pages/RateEditorPage.tsx,first-party-text,legacy-frontend,inventory-reviewed; final subsystem gate pending,"inventory plus static analysis, compile/lint, and subsystem regression gates",No file-specific defect identified during subsystem audit.,None beyond applicable subsystem gates.
server,frontend/src/pages/RateSourcesPage.tsx,first-party-text,legacy-frontend,inventory-reviewed; final subsystem gate pending,"inventory plus static analysis, compile/lint, and subsystem regression gates",No file-specific defect identified during subsystem audit.,None beyond applicable subsystem gates.
server,frontend/src/pages/RatesPage.tsx,first-party-text,legacy-frontend,inventory-reviewed; final subsystem gate pending,"inventory plus static analysis, compile/lint, and subsystem regression gates",No file-specific defect identified during subsystem audit.,None beyond applicable subsystem gates.
server,frontend/src/pages/ReportsPage.tsx,first-party-text,legacy-frontend,inventory-reviewed; final subsystem gate pending,"inventory plus static analysis, compile/lint, and subsystem regression gates",No file-specific defect identified during subsystem audit.,None beyond applicable subsystem gates.
server,frontend/src/pages/StatusIndicatorsPage.tsx,first-party-text,legacy-frontend,inventory-reviewed; final subsystem gate pending,"inventory plus static analysis, compile/lint, and subsystem regression gates",No file-specific defect identified during subsystem audit.,None beyond applicable subsystem gates.
server,frontend/src/pages/SystemHealthPage.tsx,first-party-text,legacy-frontend,inventory-reviewed; final subsystem gate pending,"inventory plus static analysis, compile/lint, and subsystem regression gates",No file-specific defect identified during subsystem audit.,None beyond applicable subsystem gates.
server,frontend/src/pages/TopologyPage.tsx,first-party-text,legacy-frontend,inventory-reviewed; final subsystem gate pending,"inventory plus static analysis, compile/lint, and subsystem regression gates",No file-specific defect identified during subsystem audit.,None beyond applicable subsystem gates.
server,frontend/src/pages/UsagePage.tsx,first-party-text,legacy-frontend,inventory-reviewed; final subsystem gate pending,"inventory plus static analysis, compile/lint, and subsystem regression gates",No file-specific defect identified during subsystem audit.,None beyond applicable subsystem gates.
server,frontend/src/pages/UsersAccessPage.tsx,first-party-text,legacy-frontend,inventory-reviewed; final subsystem gate pending,"inventory plus static analysis, compile/lint, and subsystem regression gates",No file-specific defect identified during subsystem audit.,None beyond applicable subsystem gates.
server,frontend/src/pages/WorkspacePages.tsx,first-party-text,legacy-frontend,inventory-reviewed; final subsystem gate pending,"inventory plus static analysis, compile/lint, and subsystem regression gates",No file-specific defect identified during subsystem audit.,None beyond applicable subsystem gates.
server,frontend/src/rates.ts,first-party-text,legacy-frontend,inventory-reviewed; final subsystem gate pending,"inventory plus static analysis, compile/lint, and subsystem regression gates",No file-specific defect identified during subsystem audit.,None beyond applicable subsystem gates.
server,frontend/src/styles.css,first-party-text,legacy-frontend,inventory-reviewed; final subsystem gate pending,"inventory plus static analysis, compile/lint, and subsystem regression gates",No file-specific defect identified during subsystem audit.,None beyond applicable subsystem gates.
server,frontend/src/types.ts,first-party-text,legacy-frontend,inventory-reviewed; final subsystem gate pending,"inventory plus static analysis, compile/lint, and subsystem regression gates",No file-specific defect identified during subsystem audit.,None beyond applicable subsystem gates.
server,frontend/src/vite-env.d.ts,first-party-text,legacy-frontend,inventory-reviewed; final subsystem gate pending,"inventory plus static analysis, compile/lint, and subsystem regression gates",No file-specific defect identified during subsystem audit.,None beyond applicable subsystem gates.
server,frontend/src/workspaces.tsx,first-party-text,legacy-frontend,inventory-reviewed; final subsystem gate pending,"inventory plus static analysis, compile/lint, and subsystem regression gates",No file-specific defect identified during subsystem audit.,None beyond applicable subsystem gates.
server,frontend/tests/api.test.ts,test-or-simulator,legacy-frontend,inventory-reviewed; final subsystem gate pending,"inventory plus static analysis, compile/lint, and subsystem regression gates",No file-specific defect identified during subsystem audit.,None beyond applicable subsystem gates.
server,frontend/tests/authAutofill.test.tsx,test-or-simulator,legacy-frontend,inventory-reviewed; final subsystem gate pending,"inventory plus static analysis, compile/lint, and subsystem regression gates",No file-specific defect identified during subsystem audit.,None beyond applicable subsystem gates.
server,frontend/tests/billImportContext.test.ts,test-or-simulator,legacy-frontend,inventory-reviewed; final subsystem gate pending,"inventory plus static analysis, compile/lint, and subsystem regression gates",No file-specific defect identified during subsystem audit.,None beyond applicable subsystem gates.
server,frontend/tests/billImportMerge.test.ts,test-or-simulator,legacy-frontend,inventory-reviewed; final subsystem gate pending,"inventory plus static analysis, compile/lint, and subsystem regression gates",No file-specific defect identified during subsystem audit.,None beyond applicable subsystem gates.
server,frontend/tests/formatters.test.ts,test-or-simulator,legacy-frontend,inventory-reviewed; final subsystem gate pending,"inventory plus static analysis, compile/lint, and subsystem regression gates",No file-specific defect identified during subsystem audit.,None beyond applicable subsystem gates.
server,frontend/tests/rateAssignmentSwitch.test.tsx,test-or-simulator,legacy-frontend,inventory-reviewed; final subsystem gate pending,"inventory plus static analysis, compile/lint, and subsystem regression gates",No file-specific defect identified during subsystem audit.,None beyond applicable subsystem gates.
server,frontend/tests/ratePlanLifecycle.test.tsx,test-or-simulator,legacy-frontend,inventory-reviewed; final subsystem gate pending,"inventory plus static analysis, compile/lint, and subsystem regression gates",No file-specific defect identified during subsystem audit.,None beyond applicable subsystem gates.
server,frontend/tests/sceBillImport.test.tsx,test-or-simulator,legacy-frontend,inventory-reviewed; final subsystem gate pending,"inventory plus static analysis, compile/lint, and subsystem regression gates",No file-specific defect identified during subsystem audit.,None beyond applicable subsystem gates.
server,frontend/tests/setup.ts,test-or-simulator,legacy-frontend,inventory-reviewed; final subsystem gate pending,"inventory plus static analysis, compile/lint, and subsystem regression gates",No file-specific defect identified during subsystem audit.,None beyond applicable subsystem gates.
server,frontend/tests/statusIndicators.test.tsx,test-or-simulator,legacy-frontend,inventory-reviewed; final subsystem gate pending,"inventory plus static analysis, compile/lint, and subsystem regression gates",No file-specific defect identified during subsystem audit.,None beyond applicable subsystem gates.
server,frontend/tests/tieredRates.test.tsx,test-or-simulator,legacy-frontend,inventory-reviewed; final subsystem gate pending,"inventory plus static analysis, compile/lint, and subsystem regression gates",No file-specific defect identified during subsystem audit.,None beyond applicable subsystem gates.
server,frontend/tests/ui.test.tsx,test-or-simulator,legacy-frontend,inventory-reviewed; final subsystem gate pending,"inventory plus static analysis, compile/lint, and subsystem regression gates",No file-specific defect identified during subsystem audit.,None beyond applicable subsystem gates.
server,frontend/tests/utilityNetwork.test.tsx,test-or-simulator,legacy-frontend,inventory-reviewed; final subsystem gate pending,"inventory plus static analysis, compile/lint, and subsystem regression gates",No file-specific defect identified during subsystem audit.,None beyond applicable subsystem gates.
server,frontend/tests/workspaces.test.ts,test-or-simulator,legacy-frontend,inventory-reviewed; final subsystem gate pending,"inventory plus static analysis, compile/lint, and subsystem regression gates",No file-specific defect identified during subsystem audit.,None beyond applicable subsystem gates.
server,frontend/tsconfig.app.json,first-party-text,legacy-frontend,inventory-reviewed; final subsystem gate pending,"inventory plus static analysis, compile/lint, and subsystem regression gates",No file-specific defect identified during subsystem audit.,None beyond applicable subsystem gates.
server,frontend/tsconfig.json,first-party-text,legacy-frontend,inventory-reviewed; final subsystem gate pending,"inventory plus static analysis, compile/lint, and subsystem regression gates",No file-specific defect identified during subsystem audit.,None beyond applicable subsystem gates.
server,frontend/tsconfig.node.json,first-party-text,legacy-frontend,inventory-reviewed; final subsystem gate pending,"inventory plus static analysis, compile/lint, and subsystem regression gates",No file-specific defect identified during subsystem audit.,None beyond applicable subsystem gates.
server,frontend/vite.config.ts,first-party-text,legacy-frontend,inventory-reviewed; final subsystem gate pending,"inventory plus static analysis, compile/lint, and subsystem regression gates",No file-specific defect identified during subsystem audit.,None beyond applicable subsystem gates.
server,pytest.ini,test-or-simulator,repository-infrastructure,inventory-reviewed; final subsystem gate pending,"inventory plus static analysis, compile/lint, and subsystem regression gates",No file-specific defect identified during subsystem audit.,None beyond applicable subsystem gates.
server,release/RELEASE_NOTES.md,documentation,server-release,inventory-reviewed; final subsystem gate pending,"inventory plus instruction, link, safety, and provenance review",No file-specific defect identified during subsystem audit.,None beyond applicable subsystem gates.
server,release/backend-audit.json,first-party-text,server-release,inventory-reviewed; final subsystem gate pending,"inventory plus static analysis, compile/lint, and subsystem regression gates",No file-specific defect identified during subsystem audit.,None beyond applicable subsystem gates.
server,release/backend-licenses.csv,first-party-text,server-release,inventory-reviewed; final subsystem gate pending,"inventory plus static analysis, compile/lint, and subsystem regression gates",No file-specific defect identified during subsystem audit.,None beyond applicable subsystem gates.
server,release/backend-sbom.cdx.json,first-party-text,server-release,inventory-reviewed; final subsystem gate pending,"inventory plus static analysis, compile/lint, and subsystem regression gates",No file-specific defect identified during subsystem audit.,None beyond applicable subsystem gates.
server,release/checksums.sha256,first-party-text,server-release,inventory-reviewed; final subsystem gate pending,"inventory plus static analysis, compile/lint, and subsystem regression gates",No file-specific defect identified during subsystem audit.,None beyond applicable subsystem gates.
server,release/frontend-audit.json,first-party-text,server-release,inventory-reviewed; final subsystem gate pending,"inventory plus static analysis, compile/lint, and subsystem regression gates",No file-specific defect identified during subsystem audit.,None beyond applicable subsystem gates.
server,release/frontend-licenses.csv,first-party-text,server-release,inventory-reviewed; final subsystem gate pending,"inventory plus static analysis, compile/lint, and subsystem regression gates",No file-specific defect identified during subsystem audit.,None beyond applicable subsystem gates.
server,release/frontend-sbom.cdx.json,first-party-text,server-release,inventory-reviewed; final subsystem gate pending,"inventory plus static analysis, compile/lint, and subsystem regression gates",No file-specific defect identified during subsystem audit.,None beyond applicable subsystem gates.
server,release/migration-offline.sql,first-party-text,server-release,inventory-reviewed; final subsystem gate pending,"inventory plus static analysis, compile/lint, and subsystem regression gates",No file-specific defect identified during subsystem audit.,None beyond applicable subsystem gates.
server,release/secret-scan.txt,documentation,server-release,inventory-reviewed; final subsystem gate pending,"inventory plus instruction, link, safety, and provenance review",No file-specific defect identified during subsystem audit.,None beyond applicable subsystem gates.
server,release/versions.json,first-party-text,server-release,inventory-reviewed; final subsystem gate pending,"inventory plus static analysis, compile/lint, and subsystem regression gates",No file-specific defect identified during subsystem audit.,None beyond applicable subsystem gates.
server,reports/.gitkeep,first-party-text,repository-infrastructure,inventory-reviewed; final subsystem gate pending,"inventory plus static analysis, compile/lint, and subsystem regression gates",No file-specific defect identified during subsystem audit.,None beyond applicable subsystem gates.
server,scripts/backup-container.sh,first-party-text,build-release-tooling,inventory-reviewed; final subsystem gate pending,"inventory plus static analysis, compile/lint, and subsystem regression gates",No file-specific defect identified during subsystem audit.,None beyond applicable subsystem gates.
server,scripts/backup-paths.sh,first-party-text,build-release-tooling,inventory-reviewed; final subsystem gate pending,"inventory plus static analysis, compile/lint, and subsystem regression gates",No file-specific defect identified during subsystem audit.,None beyond applicable subsystem gates.
server,scripts/backup-scheduler.sh,first-party-text,build-release-tooling,inventory-reviewed; final subsystem gate pending,"inventory plus static analysis, compile/lint, and subsystem regression gates",No file-specific defect identified during subsystem audit.,None beyond applicable subsystem gates.
server,scripts/backup.ps1,first-party-text,build-release-tooling,inventory-reviewed; final subsystem gate pending,"inventory plus static analysis, compile/lint, and subsystem regression gates",No file-specific defect identified during subsystem audit.,None beyond applicable subsystem gates.
server,scripts/backup.sh,first-party-text,build-release-tooling,inventory-reviewed; final subsystem gate pending,"inventory plus static analysis, compile/lint, and subsystem regression gates",No file-specific defect identified during subsystem audit.,None beyond applicable subsystem gates.
server,scripts/bootstrap.ps1,first-party-text,build-release-tooling,inventory-reviewed; final subsystem gate pending,"inventory plus static analysis, compile/lint, and subsystem regression gates",No file-specific defect identified during subsystem audit.,None beyond applicable subsystem gates.
server,scripts/bootstrap.sh,first-party-text,build-release-tooling,inventory-reviewed; final subsystem gate pending,"inventory plus static analysis, compile/lint, and subsystem regression gates",No file-specific defect identified during subsystem audit.,None beyond applicable subsystem gates.
server,scripts/container-log.sh,first-party-text,build-release-tooling,inventory-reviewed; final subsystem gate pending,"inventory plus static analysis, compile/lint, and subsystem regression gates",No file-specific defect identified during subsystem audit.,None beyond applicable subsystem gates.
server,scripts/container-secrets.sh,first-party-text,build-release-tooling,inventory-reviewed; final subsystem gate pending,"inventory plus static analysis, compile/lint, and subsystem regression gates",No file-specific defect identified during subsystem audit.,None beyond applicable subsystem gates.
server,scripts/contract_check.py,first-party-text,build-release-tooling,inventory-reviewed; final subsystem gate pending,"inventory plus static analysis, compile/lint, and subsystem regression gates",No file-specific defect identified during subsystem audit.,None beyond applicable subsystem gates.
server,scripts/delete-backup-container.sh,first-party-text,build-release-tooling,inventory-reviewed; final subsystem gate pending,"inventory plus static analysis, compile/lint, and subsystem regression gates",No file-specific defect identified during subsystem audit.,None beyond applicable subsystem gates.
server,scripts/generate_bill_pdf_fixtures.py,first-party-text,build-release-tooling,inventory-reviewed; final subsystem gate pending,"inventory plus static analysis, compile/lint, and subsystem regression gates",No file-specific defect identified during subsystem audit.,None beyond applicable subsystem gates.
server,scripts/generate_initial_migration_sql.py,first-party-text,build-release-tooling,inventory-reviewed; final subsystem gate pending,"inventory plus static analysis, compile/lint, and subsystem regression gates",No file-specific defect identified during subsystem audit.,None beyond applicable subsystem gates.
server,scripts/generate_openapi.py,first-party-text,build-release-tooling,inventory-reviewed; final subsystem gate pending,"inventory plus static analysis, compile/lint, and subsystem regression gates",No file-specific defect identified during subsystem audit.,None beyond applicable subsystem gates.
server,scripts/generate_ota_manifest_vector.py,first-party-text,build-release-tooling,inventory-reviewed; final subsystem gate pending,"inventory plus static analysis, compile/lint, and subsystem regression gates",No file-specific defect identified during subsystem audit.,None beyond applicable subsystem gates.
server,scripts/generate_protocol_vectors.py,first-party-text,build-release-tooling,inventory-reviewed; final subsystem gate pending,"inventory plus static analysis, compile/lint, and subsystem regression gates",No file-specific defect identified during subsystem audit.,None beyond applicable subsystem gates.
server,scripts/generate_release_reports.py,first-party-text,build-release-tooling,inventory-reviewed; final subsystem gate pending,"inventory plus static analysis, compile/lint, and subsystem regression gates",No file-specific defect identified during subsystem audit.,None beyond applicable subsystem gates.
server,scripts/migrate.ps1,first-party-text,build-release-tooling,inventory-reviewed; final subsystem gate pending,"inventory plus static analysis, compile/lint, and subsystem regression gates",No file-specific defect identified during subsystem audit.,None beyond applicable subsystem gates.
server,scripts/migrate.sh,first-party-text,build-release-tooling,inventory-reviewed; final subsystem gate pending,"inventory plus static analysis, compile/lint, and subsystem regression gates",No file-specific defect identified during subsystem audit.,None beyond applicable subsystem gates.
server,scripts/release.ps1,first-party-text,build-release-tooling,inventory-reviewed; final subsystem gate pending,"inventory plus static analysis, compile/lint, and subsystem regression gates",No file-specific defect identified during subsystem audit.,None beyond applicable subsystem gates.
server,scripts/release.sh,first-party-text,build-release-tooling,inventory-reviewed; final subsystem gate pending,"inventory plus static analysis, compile/lint, and subsystem regression gates",No file-specific defect identified during subsystem audit.,None beyond applicable subsystem gates.
server,scripts/replace-all-backups-container.sh,first-party-text,build-release-tooling,inventory-reviewed; final subsystem gate pending,"inventory plus static analysis, compile/lint, and subsystem regression gates",No file-specific defect identified during subsystem audit.,None beyond applicable subsystem gates.
server,scripts/restore-container.sh,first-party-text,build-release-tooling,inventory-reviewed; final subsystem gate pending,"inventory plus static analysis, compile/lint, and subsystem regression gates",No file-specific defect identified during subsystem audit.,None beyond applicable subsystem gates.
server,scripts/restore.ps1,first-party-text,build-release-tooling,inventory-reviewed; final subsystem gate pending,"inventory plus static analysis, compile/lint, and subsystem regression gates",No file-specific defect identified during subsystem audit.,None beyond applicable subsystem gates.
server,scripts/restore.sh,first-party-text,build-release-tooling,inventory-reviewed; final subsystem gate pending,"inventory plus static analysis, compile/lint, and subsystem regression gates",No file-specific defect identified during subsystem audit.,None beyond applicable subsystem gates.
server,scripts/secret_scan.py,first-party-text,build-release-tooling,inventory-reviewed; final subsystem gate pending,"inventory plus static analysis, compile/lint, and subsystem regression gates",No file-specific defect identified during subsystem audit.,None beyond applicable subsystem gates.
server,scripts/update.ps1,first-party-text,build-release-tooling,inventory-reviewed; final subsystem gate pending,"inventory plus static analysis, compile/lint, and subsystem regression gates",No file-specific defect identified during subsystem audit.,None beyond applicable subsystem gates.
server,scripts/update.sh,first-party-text,build-release-tooling,inventory-reviewed; final subsystem gate pending,"inventory plus static analysis, compile/lint, and subsystem regression gates",No file-specific defect identified during subsystem audit.,None beyond applicable subsystem gates.
server,scripts/validate_compose_static.py,first-party-text,build-release-tooling,inventory-reviewed; final subsystem gate pending,"inventory plus static analysis, compile/lint, and subsystem regression gates",No file-specific defect identified during subsystem audit.,None beyond applicable subsystem gates.
server,scripts/validate_contracts.py,first-party-text,build-release-tooling,inventory-reviewed; final subsystem gate pending,"inventory plus static analysis, compile/lint, and subsystem regression gates",No file-specific defect identified during subsystem audit.,None beyond applicable subsystem gates.
server,scripts/verify-backup-container.sh,first-party-text,build-release-tooling,inventory-reviewed; final subsystem gate pending,"inventory plus static analysis, compile/lint, and subsystem regression gates",No file-specific defect identified during subsystem audit.,None beyond applicable subsystem gates.
server,scripts/verify-backup.ps1,first-party-text,build-release-tooling,inventory-reviewed; final subsystem gate pending,"inventory plus static analysis, compile/lint, and subsystem regression gates",No file-specific defect identified during subsystem audit.,None beyond applicable subsystem gates.
server,scripts/verify-backup.sh,first-party-text,build-release-tooling,inventory-reviewed; final subsystem gate pending,"inventory plus static analysis, compile/lint, and subsystem regression gates",No file-specific defect identified during subsystem audit.,None beyond applicable subsystem gates.
server,scripts/verify_release_checksums.py,first-party-text,build-release-tooling,inventory-reviewed; final subsystem gate pending,"inventory plus static analysis, compile/lint, and subsystem regression gates",No file-specific defect identified during subsystem audit.,None beyond applicable subsystem gates.
server,scripts/worker_health.py,first-party-text,build-release-tooling,inventory-reviewed; final subsystem gate pending,"inventory plus static analysis, compile/lint, and subsystem regression gates",No file-specific defect identified during subsystem audit.,None beyond applicable subsystem gates.
server,shared/auth-test-vectors/hmac-sha256-v1.json,test-or-simulator,normative-contracts,inventory-reviewed; final subsystem gate pending,"inventory plus static analysis, compile/lint, and subsystem regression gates",No file-specific defect identified during subsystem audit.,None beyond applicable subsystem gates.
server,shared/auth-test-vectors/ota-manifest-v2.json,test-or-simulator,normative-contracts,inventory-reviewed; final subsystem gate pending,"inventory plus static analysis, compile/lint, and subsystem regression gates",No file-specific defect identified during subsystem audit.,None beyond applicable subsystem gates.
server,shared/examples/custom-rate-plan.json,first-party-text,normative-contracts,inventory-reviewed; final subsystem gate pending,"inventory plus static analysis, compile/lint, and subsystem regression gates",No file-specific defect identified during subsystem audit.,None beyond applicable subsystem gates.
server,shared/examples/tiered-rate-plan.json,first-party-text,normative-contracts,inventory-reviewed; final subsystem gate pending,"inventory plus static analysis, compile/lint, and subsystem regression gates",No file-specific defect identified during subsystem audit.,None beyond applicable subsystem gates.
server,shared/examples/utility-account-rate-context.json,first-party-text,normative-contracts,inventory-reviewed; final subsystem gate pending,"inventory plus static analysis, compile/lint, and subsystem regression gates",No file-specific defect identified during subsystem audit.,None beyond applicable subsystem gates.
server,shared/openapi/device-api.yaml,first-party-text,normative-contracts,inventory-reviewed; final subsystem gate pending,"inventory plus static analysis, compile/lint, and subsystem regression gates",No file-specific defect identified during subsystem audit.,None beyond applicable subsystem gates.
server,shared/openapi/device-ingest-api.yaml,first-party-text,normative-contracts,inventory-reviewed; final subsystem gate pending,"inventory plus static analysis, compile/lint, and subsystem regression gates",No file-specific defect identified during subsystem audit.,None beyond applicable subsystem gates.
server,shared/openapi/server-api.yaml,first-party-text,normative-contracts,inventory-reviewed; final subsystem gate pending,"inventory plus static analysis, compile/lint, and subsystem regression gates",No file-specific defect identified during subsystem audit.,None beyond applicable subsystem gates.
server,shared/protocol-version.txt,documentation,normative-contracts,inventory-reviewed; final subsystem gate pending,"inventory plus instruction, link, safety, and provenance review",No file-specific defect identified during subsystem audit.,None beyond applicable subsystem gates.
server,shared/schemas/device-config.schema.json,first-party-text,normative-contracts,inventory-reviewed; final subsystem gate pending,"inventory plus static analysis, compile/lint, and subsystem regression gates",No file-specific defect identified during subsystem audit.,None beyond applicable subsystem gates.
server,shared/schemas/device-health.schema.json,first-party-text,normative-contracts,inventory-reviewed; final subsystem gate pending,"inventory plus static analysis, compile/lint, and subsystem regression gates",No file-specific defect identified during subsystem audit.,None beyond applicable subsystem gates.
server,shared/schemas/heartbeat.schema.json,first-party-text,normative-contracts,inventory-reviewed; final subsystem gate pending,"inventory plus static analysis, compile/lint, and subsystem regression gates",No file-specific defect identified during subsystem audit.,None beyond applicable subsystem gates.
server,shared/schemas/normalized-utility-bill-1.0.json,first-party-text,normative-contracts,inventory-reviewed; final subsystem gate pending,"inventory plus static analysis, compile/lint, and subsystem regression gates",No file-specific defect identified during subsystem audit.,None beyond applicable subsystem gates.
server,shared/schemas/ota-deployment-report-v2.schema.json,first-party-text,normative-contracts,inventory-reviewed; final subsystem gate pending,"inventory plus static analysis, compile/lint, and subsystem regression gates",No file-specific defect identified during subsystem audit.,None beyond applicable subsystem gates.
server,shared/schemas/ota-manifest-v2.schema.json,first-party-text,normative-contracts,inventory-reviewed; final subsystem gate pending,"inventory plus static analysis, compile/lint, and subsystem regression gates",No file-specific defect identified during subsystem audit.,None beyond applicable subsystem gates.
server,shared/schemas/power-monitor-rate-plan-1.0.json,first-party-text,normative-contracts,inventory-reviewed; final subsystem gate pending,"inventory plus static analysis, compile/lint, and subsystem regression gates",No file-specific defect identified during subsystem audit.,None beyond applicable subsystem gates.
server,shared/schemas/problem.schema.json,first-party-text,normative-contracts,inventory-reviewed; final subsystem gate pending,"inventory plus static analysis, compile/lint, and subsystem regression gates",No file-specific defect identified during subsystem audit.,None beyond applicable subsystem gates.
server,shared/schemas/protocol-examples.json,first-party-text,normative-contracts,inventory-reviewed; final subsystem gate pending,"inventory plus static analysis, compile/lint, and subsystem regression gates",No file-specific defect identified during subsystem audit.,None beyond applicable subsystem gates.
server,shared/schemas/reading-batch.schema.json,first-party-text,normative-contracts,inventory-reviewed; final subsystem gate pending,"inventory plus static analysis, compile/lint, and subsystem regression gates",No file-specific defect identified during subsystem audit.,None beyond applicable subsystem gates.
server,shared/schemas/sce-bill-extraction-1.0.json,first-party-text,normative-contracts,inventory-reviewed; final subsystem gate pending,"inventory plus static analysis, compile/lint, and subsystem regression gates",No file-specific defect identified during subsystem audit.,None beyond applicable subsystem gates.
server,shared/schemas/sce-rate-seed.schema.json,first-party-text,normative-contracts,inventory-reviewed; final subsystem gate pending,"inventory plus static analysis, compile/lint, and subsystem regression gates",No file-specific defect identified during subsystem audit.,None beyond applicable subsystem gates.
server,shared/schemas/sce-rates-2026-06-01.json,first-party-text,normative-contracts,inventory-reviewed; final subsystem gate pending,"inventory plus static analysis, compile/lint, and subsystem regression gates",No file-specific defect identified during subsystem audit.,None beyond applicable subsystem gates.
server,shared/schemas/utility-account-rate-context-1.0.json,first-party-text,normative-contracts,inventory-reviewed; final subsystem gate pending,"inventory plus static analysis, compile/lint, and subsystem regression gates",No file-specific defect identified during subsystem audit.,None beyond applicable subsystem gates.
server,simulator/__init__.py,test-or-simulator,device-simulator,inventory-reviewed; final subsystem gate pending,"inventory plus static analysis, compile/lint, and subsystem regression gates",No file-specific defect identified during subsystem audit.,None beyond applicable subsystem gates.
server,simulator/load/run_load.py,test-or-simulator,device-simulator,inventory-reviewed; final subsystem gate pending,"inventory plus static analysis, compile/lint, and subsystem regression gates",No file-specific defect identified during subsystem audit.,None beyond applicable subsystem gates.
server,simulator/scenarios/fault-matrix.json,test-or-simulator,device-simulator,inventory-reviewed; final subsystem gate pending,"inventory plus static analysis, compile/lint, and subsystem regression gates",No file-specific defect identified during subsystem audit.,None beyond applicable subsystem gates.
server,simulator/scenarios/normal.json,test-or-simulator,device-simulator,inventory-reviewed; final subsystem gate pending,"inventory plus static analysis, compile/lint, and subsystem regression gates",No file-specific defect identified during subsystem audit.,None beyond applicable subsystem gates.
server,simulator/simulated_device/__init__.py,test-or-simulator,device-simulator,inventory-reviewed; final subsystem gate pending,"inventory plus static analysis, compile/lint, and subsystem regression gates",No file-specific defect identified during subsystem audit.,None beyond applicable subsystem gates.
server,simulator/simulated_device/api.py,test-or-simulator,device-simulator,inventory-reviewed; final subsystem gate pending,"inventory plus static analysis, compile/lint, and subsystem regression gates",No file-specific defect identified during subsystem audit.,None beyond applicable subsystem gates.
server,simulator/simulated_device/model.py,test-or-simulator,device-simulator,inventory-reviewed; final subsystem gate pending,"inventory plus static analysis, compile/lint, and subsystem regression gates",No file-specific defect identified during subsystem audit.,None beyond applicable subsystem gates.
server,simulator/simulated_device/push.py,test-or-simulator,device-simulator,inventory-reviewed; final subsystem gate pending,"inventory plus static analysis, compile/lint, and subsystem regression gates",No file-specific defect identified during subsystem audit.,None beyond applicable subsystem gates.
server,simulator/simulated_device/runner.py,test-or-simulator,device-simulator,inventory-reviewed; final subsystem gate pending,"inventory plus static analysis, compile/lint, and subsystem regression gates",No file-specific defect identified during subsystem audit.,None beyond applicable subsystem gates.
server,simulator/tests/test_device_contract.py,test-or-simulator,device-simulator,inventory-reviewed; final subsystem gate pending,"inventory plus static analysis, compile/lint, and subsystem regression gates",No file-specific defect identified during subsystem audit.,None beyond applicable subsystem gates.
server,tools/generate-secrets.py,first-party-text,deployment-tooling,inventory-reviewed; final subsystem gate pending,"inventory plus static analysis, compile/lint, and subsystem regression gates",No file-specific defect identified during subsystem audit.,None beyond applicable subsystem gates.
server,tools/reconcile_backups.py,first-party-text,deployment-tooling,inventory-reviewed; final subsystem gate pending,"inventory plus static analysis, compile/lint, and subsystem regression gates",No file-specific defect identified during subsystem audit.,None beyond applicable subsystem gates.
server,tools/reconcile_bill_usage_authority.py,first-party-text,deployment-tooling,inventory-reviewed; final subsystem gate pending,"inventory plus static analysis, compile/lint, and subsystem regression gates",No file-specific defect identified during subsystem audit.,None beyond applicable subsystem gates.
server,tools/recover-admin.py,first-party-text,deployment-tooling,inventory-reviewed; final subsystem gate pending,"inventory plus static analysis, compile/lint, and subsystem regression gates",No file-specific defect identified during subsystem audit.,None beyond applicable subsystem gates.
server,tools/render-truenas-compose.py,first-party-text,deployment-tooling,inventory-reviewed; final subsystem gate pending,"inventory plus static analysis, compile/lint, and subsystem regression gates",No file-specific defect identified during subsystem audit.,None beyond applicable subsystem gates.
server,tools/test-history-workflow.py,test-or-simulator,deployment-tooling,inventory-reviewed; final subsystem gate pending,"inventory plus static analysis, compile/lint, and subsystem regression gates",No file-specific defect identified during subsystem audit.,None beyond applicable subsystem gates.
server,tools/test-status-layout-workflow.py,test-or-simulator,deployment-tooling,inventory-reviewed; final subsystem gate pending,"inventory plus static analysis, compile/lint, and subsystem regression gates",No file-specific defect identified during subsystem audit.,None beyond applicable subsystem gates.
server,tools/test-truenas-workflow.py,test-or-simulator,deployment-tooling,inventory-reviewed; final subsystem gate pending,"inventory plus static analysis, compile/lint, and subsystem regression gates",No file-specific defect identified during subsystem audit.,None beyond applicable subsystem gates.
server,tools/validate-truenas-compose.py,first-party-text,deployment-tooling,inventory-reviewed; final subsystem gate pending,"inventory plus static analysis, compile/lint, and subsystem regression gates",No file-specific defect identified during subsystem audit.,None beyond applicable subsystem gates.
server,truenas-power-monitor-1.0.19.yaml,first-party-text,repository-infrastructure,inventory-reviewed; final subsystem gate pending,"inventory plus static analysis, compile/lint, and subsystem regression gates",No file-specific defect identified during subsystem audit.,None beyond applicable subsystem gates.
server,truenas-power-monitor-1.0.20.yaml,first-party-text,repository-infrastructure,inventory-reviewed; final subsystem gate pending,"inventory plus static analysis, compile/lint, and subsystem regression gates",No file-specific defect identified during subsystem audit.,None beyond applicable subsystem gates.
server,truenas-power-monitor-1.0.21.yaml,first-party-text,repository-infrastructure,inventory-reviewed; final subsystem gate pending,"inventory plus static analysis, compile/lint, and subsystem regression gates",No file-specific defect identified during subsystem audit.,None beyond applicable subsystem gates.
server,truenas-power-monitor-1.0.22.yaml,first-party-text,repository-infrastructure,inventory-reviewed; final subsystem gate pending,"inventory plus static analysis, compile/lint, and subsystem regression gates",No file-specific defect identified during subsystem audit.,None beyond applicable subsystem gates.
server,truenas-power-monitor-1.0.23.yaml,first-party-text,repository-infrastructure,inventory-reviewed; final subsystem gate pending,"inventory plus static analysis, compile/lint, and subsystem regression gates",No file-specific defect identified during subsystem audit.,None beyond applicable subsystem gates.
server,truenas-power-monitor-1.0.24.yaml,first-party-text,repository-infrastructure,inventory-reviewed; final subsystem gate pending,"inventory plus static analysis, compile/lint, and subsystem regression gates",No file-specific defect identified during subsystem audit.,None beyond applicable subsystem gates.
server,truenas-power-monitor-1.0.25.yaml,first-party-text,repository-infrastructure,inventory-reviewed; final subsystem gate pending,"inventory plus static analysis, compile/lint, and subsystem regression gates",No file-specific defect identified during subsystem audit.,None beyond applicable subsystem gates.
server,truenas-power-monitor-1.0.26.yaml,first-party-text,repository-infrastructure,inventory-reviewed; final subsystem gate pending,"inventory plus static analysis, compile/lint, and subsystem regression gates",No file-specific defect identified during subsystem audit.,None beyond applicable subsystem gates.
server,truenas-power-monitor.yaml,first-party-text,repository-infrastructure,inventory-reviewed; final subsystem gate pending,"inventory plus static analysis, compile/lint, and subsystem regression gates",No file-specific defect identified during subsystem audit.,None beyond applicable subsystem gates.
server,worker/__init__.py,first-party-text,background-worker,inventory-reviewed; final subsystem gate pending,"inventory plus static analysis, compile/lint, and subsystem regression gates",No file-specific defect identified during subsystem audit.,None beyond applicable subsystem gates.
server,worker/app/__init__.py,first-party-text,background-worker,inventory-reviewed; final subsystem gate pending,"inventory plus static analysis, compile/lint, and subsystem regression gates",No file-specific defect identified during subsystem audit.,None beyond applicable subsystem gates.
server,worker/app/main.py,first-party-text,background-worker,inventory-reviewed; final subsystem gate pending,"inventory plus static analysis, compile/lint, and subsystem regression gates",Baseline worker did not periodically reconcile stale firmware deployments.,"Run bounded, idempotent lifecycle reconciliation independently of dashboard traffic."
server,worker/app/polling.py,first-party-text,background-worker,inventory-reviewed; final subsystem gate pending,"inventory plus static analysis, compile/lint, and subsystem regression gates",No file-specific defect identified during subsystem audit.,None beyond applicable subsystem gates.
server,worker/app/rate_sync.py,first-party-text,background-worker,inventory-reviewed; final subsystem gate pending,"inventory plus static analysis, compile/lint, and subsystem regression gates",No file-specific defect identified during subsystem audit.,None beyond applicable subsystem gates.
server,worker/app/tasks.py,first-party-text,background-worker,inventory-reviewed; final subsystem gate pending,"inventory plus static analysis, compile/lint, and subsystem regression gates",No file-specific defect identified during subsystem audit.,None beyond applicable subsystem gates.
sensor,.gitattributes,first-party-text,sensor-runtime,inventory-reviewed; final subsystem gate pending,"inventory plus static analysis, compile/lint, and subsystem regression gates",No file-specific defect identified during subsystem audit.,None beyond applicable subsystem gates.
sensor,.gitignore,first-party-text,sensor-runtime,inventory-reviewed; final subsystem gate pending,"inventory plus static analysis, compile/lint, and subsystem regression gates",No file-specific defect identified during subsystem audit.,None beyond applicable subsystem gates.
sensor,AGENTS.md,documentation,sensor-runtime,inventory-reviewed; final subsystem gate pending,"inventory plus instruction, link, safety, and provenance review",No file-specific defect identified during subsystem audit.,None beyond applicable subsystem gates.
sensor,LICENSE,first-party-text,sensor-runtime,inventory-reviewed; final subsystem gate pending,"inventory plus static analysis, compile/lint, and subsystem regression gates",No file-specific defect identified during subsystem audit.,None beyond applicable subsystem gates.
sensor,README.md,documentation,sensor-runtime,inventory-reviewed; final subsystem gate pending,"inventory plus instruction, link, safety, and provenance review",No file-specific defect identified during subsystem audit.,None beyond applicable subsystem gates.
sensor,docs/ADMIN_PASSWORD_RECOVERY.md,documentation,sensor-runtime,inventory-reviewed; final subsystem gate pending,"inventory plus instruction, link, safety, and provenance review",No file-specific defect identified during subsystem audit.,None beyond applicable subsystem gates.
sensor,docs/API.md,documentation,sensor-runtime,inventory-reviewed; final subsystem gate pending,"inventory plus instruction, link, safety, and provenance review",No file-specific defect identified during subsystem audit.,None beyond applicable subsystem gates.
sensor,docs/BUILD_AND_FLASH.md,documentation,sensor-runtime,inventory-reviewed; final subsystem gate pending,"inventory plus instruction, link, safety, and provenance review",No file-specific defect identified during subsystem audit.,None beyond applicable subsystem gates.
sensor,docs/DEPENDENCY_AUDIT.md,documentation,sensor-runtime,inventory-reviewed; final subsystem gate pending,"inventory plus instruction, link, safety, and provenance review",No file-specific defect identified during subsystem audit.,None beyond applicable subsystem gates.
sensor,docs/ESP32_TASK_STACK_SIZING.md,documentation,sensor-runtime,inventory-reviewed; final subsystem gate pending,"inventory plus instruction, link, safety, and provenance review",No file-specific defect identified during subsystem audit.,None beyond applicable subsystem gates.
sensor,docs/FACTORY_RESET.md,documentation,sensor-runtime,inventory-reviewed; final subsystem gate pending,"inventory plus instruction, link, safety, and provenance review",No file-specific defect identified during subsystem audit.,None beyond applicable subsystem gates.
sensor,docs/FIRMWARE_OPTIMIZATION_1.0.5.md,documentation,sensor-runtime,inventory-reviewed; final subsystem gate pending,"inventory plus instruction, link, safety, and provenance review",No file-specific defect identified during subsystem audit.,None beyond applicable subsystem gates.
sensor,docs/FIRST_RUN.md,documentation,sensor-runtime,inventory-reviewed; final subsystem gate pending,"inventory plus instruction, link, safety, and provenance review",No file-specific defect identified during subsystem audit.,None beyond applicable subsystem gates.
sensor,docs/HARDWARE_REFERENCES.md,documentation,sensor-runtime,inventory-reviewed; final subsystem gate pending,"inventory plus instruction, link, safety, and provenance review",No file-specific defect identified during subsystem audit.,None beyond applicable subsystem gates.
sensor,docs/IMPLEMENTATION_PLAN.md,documentation,sensor-runtime,inventory-reviewed; final subsystem gate pending,"inventory plus instruction, link, safety, and provenance review",No file-specific defect identified during subsystem audit.,None beyond applicable subsystem gates.
sensor,docs/LOCAL_WEB_UI.md,documentation,sensor-runtime,inventory-reviewed; final subsystem gate pending,"inventory plus instruction, link, safety, and provenance review",No file-specific defect identified during subsystem audit.,None beyond applicable subsystem gates.
sensor,docs/MEMORY_AND_FRAGMENTATION.md,documentation,sensor-runtime,inventory-reviewed; final subsystem gate pending,"inventory plus instruction, link, safety, and provenance review",No file-specific defect identified during subsystem audit.,None beyond applicable subsystem gates.
sensor,docs/MICROSD_FORMAT.md,documentation,sensor-runtime,inventory-reviewed; final subsystem gate pending,"inventory plus instruction, link, safety, and provenance review",No file-specific defect identified during subsystem audit.,None beyond applicable subsystem gates.
sensor,docs/OTA.md,documentation,sensor-runtime,inventory-reviewed; final subsystem gate pending,"inventory plus instruction, link, safety, and provenance review",No file-specific defect identified during subsystem audit.,None beyond applicable subsystem gates.
sensor,docs/OTA_CANARY_PREFLIGHT_1.0.14.md,documentation,sensor-runtime,inventory-reviewed; final subsystem gate pending,"inventory plus instruction, link, safety, and provenance review",No file-specific defect identified during subsystem audit.,None beyond applicable subsystem gates.
sensor,docs/OTA_PANIC_REPAIR_1.0.13.md,documentation,sensor-runtime,inventory-reviewed; final subsystem gate pending,"inventory plus instruction, link, safety, and provenance review",No file-specific defect identified during subsystem audit.,None beyond applicable subsystem gates.
sensor,docs/RELEASE.md,documentation,sensor-runtime,inventory-reviewed; final subsystem gate pending,"inventory plus instruction, link, safety, and provenance review",No file-specific defect identified during subsystem audit.,None beyond applicable subsystem gates.
sensor,docs/SAFETY.md,documentation,sensor-runtime,inventory-reviewed; final subsystem gate pending,"inventory plus instruction, link, safety, and provenance review",No file-specific defect identified during subsystem audit.,None beyond applicable subsystem gates.
sensor,docs/SECURITY.md,documentation,sensor-runtime,inventory-reviewed; final subsystem gate pending,"inventory plus instruction, link, safety, and provenance review",No file-specific defect identified during subsystem audit.,None beyond applicable subsystem gates.
sensor,docs/SENSOR_DISCONNECT_STABILIZATION.md,documentation,sensor-runtime,inventory-reviewed; final subsystem gate pending,"inventory plus instruction, link, safety, and provenance review",No file-specific defect identified during subsystem audit.,None beyond applicable subsystem gates.
sensor,docs/SENSOR_PROVISIONING.md,documentation,sensor-runtime,inventory-reviewed; final subsystem gate pending,"inventory plus instruction, link, safety, and provenance review",No file-specific defect identified during subsystem audit.,None beyond applicable subsystem gates.
sensor,docs/SENSOR_SERVER_CONNECTIVITY.md,documentation,sensor-runtime,inventory-reviewed; final subsystem gate pending,"inventory plus instruction, link, safety, and provenance review",No file-specific defect identified during subsystem audit.,None beyond applicable subsystem gates.
sensor,docs/SEQUENCE_RECONCILIATION.md,documentation,sensor-runtime,inventory-reviewed; final subsystem gate pending,"inventory plus instruction, link, safety, and provenance review",No file-specific defect identified during subsystem audit.,None beyond applicable subsystem gates.
sensor,docs/SERIAL_DIAGNOSTICS.md,documentation,sensor-runtime,inventory-reviewed; final subsystem gate pending,"inventory plus instruction, link, safety, and provenance review",No file-specific defect identified during subsystem audit.,None beyond applicable subsystem gates.
sensor,docs/SERVER_CA_CERTIFICATE.md,documentation,sensor-runtime,inventory-reviewed; final subsystem gate pending,"inventory plus instruction, link, safety, and provenance review",No file-specific defect identified during subsystem audit.,None beyond applicable subsystem gates.
sensor,docs/SERVER_ENROLLMENT.md,documentation,sensor-runtime,inventory-reviewed; final subsystem gate pending,"inventory plus instruction, link, safety, and provenance review",No file-specific defect identified during subsystem audit.,None beyond applicable subsystem gates.
sensor,docs/SERVER_SYNC_TASK.md,documentation,sensor-runtime,inventory-reviewed; final subsystem gate pending,"inventory plus instruction, link, safety, and provenance review",No file-specific defect identified during subsystem audit.,None beyond applicable subsystem gates.
sensor,docs/STORAGE_LIFECYCLE_AUDIT.md,documentation,sensor-runtime,inventory-reviewed; final subsystem gate pending,"inventory plus instruction, link, safety, and provenance review",No file-specific defect identified during subsystem audit.,None beyond applicable subsystem gates.
sensor,docs/STORAGE_RECOVERY.md,documentation,sensor-runtime,inventory-reviewed; final subsystem gate pending,"inventory plus instruction, link, safety, and provenance review",No file-specific defect identified during subsystem audit.,None beyond applicable subsystem gates.
sensor,docs/STORAGE_RETENTION_AND_CARD_REPLACEMENT.md,documentation,sensor-runtime,inventory-reviewed; final subsystem gate pending,"inventory plus instruction, link, safety, and provenance review",No file-specific defect identified during subsystem audit.,None beyond applicable subsystem gates.
sensor,docs/TESTING.md,documentation,sensor-runtime,inventory-reviewed; final subsystem gate pending,"inventory plus instruction, link, safety, and provenance review",No file-specific defect identified during subsystem audit.,None beyond applicable subsystem gates.
sensor,docs/TLS_HEAP_FRAGMENTATION_REPAIR_1.0.12.md,documentation,sensor-runtime,inventory-reviewed; final subsystem gate pending,"inventory plus instruction, link, safety, and provenance review",No file-specific defect identified during subsystem audit.,None beyond applicable subsystem gates.
sensor,docs/TLS_HEARTBEAT_TROUBLESHOOTING.md,documentation,sensor-runtime,inventory-reviewed; final subsystem gate pending,"inventory plus instruction, link, safety, and provenance review",No file-specific defect identified during subsystem audit.,None beyond applicable subsystem gates.
sensor,docs/TROUBLESHOOTING.md,documentation,sensor-runtime,inventory-reviewed; final subsystem gate pending,"inventory plus instruction, link, safety, and provenance review",No file-specific defect identified during subsystem audit.,None beyond applicable subsystem gates.
sensor,docs/TROUBLESHOOTING_SENSOR.md,documentation,sensor-runtime,inventory-reviewed; final subsystem gate pending,"inventory plus instruction, link, safety, and provenance review",No file-specific defect identified during subsystem audit.,None beyond applicable subsystem gates.
sensor,docs/WIFI_PERSISTENCE.md,documentation,sensor-runtime,inventory-reviewed; final subsystem gate pending,"inventory plus instruction, link, safety, and provenance review",No file-specific defect identified during subsystem audit.,None beyond applicable subsystem gates.
sensor,docs/WIRING.md,documentation,sensor-runtime,inventory-reviewed; final subsystem gate pending,"inventory plus instruction, link, safety, and provenance review",No file-specific defect identified during subsystem audit.,None beyond applicable subsystem gates.
sensor,include/api/BoundedCookie.h,first-party-text,sensor-runtime,inventory-reviewed; final subsystem gate pending,"inventory plus static analysis, compile/lint, and subsystem regression gates",No file-specific defect identified during subsystem audit.,None beyond applicable subsystem gates.
sensor,include/api/BoundedJsonWriter.h,first-party-text,sensor-runtime,inventory-reviewed; final subsystem gate pending,"inventory plus static analysis, compile/lint, and subsystem regression gates",No file-specific defect identified during subsystem audit.,None beyond applicable subsystem gates.
sensor,include/api/CompactUiStatus.h,first-party-text,sensor-runtime,inventory-reviewed; final subsystem gate pending,"inventory plus static analysis, compile/lint, and subsystem regression gates",No file-specific defect identified during subsystem audit.,None beyond applicable subsystem gates.
sensor,include/api/LocalHealthStatus.h,first-party-text,sensor-runtime,inventory-reviewed; final subsystem gate pending,"inventory plus static analysis, compile/lint, and subsystem regression gates",No file-specific defect identified during subsystem audit.,None beyond applicable subsystem gates.
sensor,include/api/StatusResponsePool.h,first-party-text,sensor-runtime,inventory-reviewed; final subsystem gate pending,"inventory plus static analysis, compile/lint, and subsystem regression gates",No file-specific defect identified during subsystem audit.,None beyond applicable subsystem gates.
sensor,include/app/TaskConfig.h,first-party-text,sensor-runtime,inventory-reviewed; final subsystem gate pending,"inventory plus static analysis, compile/lint, and subsystem regression gates",Baseline permanent internal-DRAM stack reservations left a production sensor below unchanged TLS admission floors.,Reclaim measured-safe stack reserve and prove at least 25 percent physical high-water margin.
sensor,include/board_pins.h,first-party-text,sensor-runtime,inventory-reviewed; final subsystem gate pending,"inventory plus static analysis, compile/lint, and subsystem regression gates",No file-specific defect identified during subsystem audit.,None beyond applicable subsystem gates.
sensor,include/build_config.h,first-party-text,sensor-runtime,inventory-reviewed; final subsystem gate pending,"inventory plus static analysis, compile/lint, and subsystem regression gates",No file-specific defect identified during subsystem audit.,None beyond applicable subsystem gates.
sensor,include/config/ProvisioningTransaction.h,first-party-text,sensor-runtime,inventory-reviewed; final subsystem gate pending,"inventory plus static analysis, compile/lint, and subsystem regression gates",No file-specific defect identified during subsystem audit.,None beyond applicable subsystem gates.
sensor,include/core/DebugAllocationScope.h,first-party-text,sensor-runtime,inventory-reviewed; final subsystem gate pending,"inventory plus static analysis, compile/lint, and subsystem regression gates",No file-specific defect identified during subsystem audit.,None beyond applicable subsystem gates.
sensor,include/core/FragmentingInternalHeap.h,first-party-text,sensor-runtime,inventory-reviewed; final subsystem gate pending,"inventory plus static analysis, compile/lint, and subsystem regression gates",No file-specific defect identified during subsystem audit.,None beyond applicable subsystem gates.
sensor,include/core/HeapTelemetry.h,first-party-text,sensor-runtime,inventory-reviewed; final subsystem gate pending,"inventory plus static analysis, compile/lint, and subsystem regression gates",No file-specific defect identified during subsystem audit.,None beyond applicable subsystem gates.
sensor,include/core/MemoryPressurePolicy.h,first-party-text,sensor-runtime,inventory-reviewed; final subsystem gate pending,"inventory plus static analysis, compile/lint, and subsystem regression gates",No file-specific defect identified during subsystem audit.,None beyond applicable subsystem gates.
sensor,include/core/StringView.h,first-party-text,sensor-runtime,inventory-reviewed; final subsystem gate pending,"inventory plus static analysis, compile/lint, and subsystem regression gates",No file-specific defect identified during subsystem audit.,None beyond applicable subsystem gates.
sensor,include/security/AuthPolicy.h,first-party-text,sensor-runtime,inventory-reviewed; final subsystem gate pending,"inventory plus static analysis, compile/lint, and subsystem regression gates",No file-specific defect identified during subsystem audit.,None beyond applicable subsystem gates.
sensor,include/security/AuthReplayWindow.h,first-party-text,sensor-runtime,inventory-reviewed; final subsystem gate pending,"inventory plus static analysis, compile/lint, and subsystem regression gates",No file-specific defect identified during subsystem audit.,None beyond applicable subsystem gates.
sensor,include/storage/BoundedStorageMessagePool.h,first-party-text,sensor-runtime,inventory-reviewed; final subsystem gate pending,"inventory plus static analysis, compile/lint, and subsystem regression gates",No file-specific defect identified during subsystem audit.,None beyond applicable subsystem gates.
sensor,include/version.h,first-party-text,sensor-runtime,inventory-reviewed; final subsystem gate pending,"inventory plus static analysis, compile/lint, and subsystem regression gates",No file-specific defect identified during subsystem audit.,None beyond applicable subsystem gates.
sensor,partitions.csv,first-party-text,sensor-runtime,inventory-reviewed; final subsystem gate pending,"inventory plus static analysis, compile/lint, and subsystem regression gates",No file-specific defect identified during subsystem audit.,None beyond applicable subsystem gates.
sensor,platformio.ini,first-party-text,sensor-runtime,inventory-reviewed; final subsystem gate pending,"inventory plus static analysis, compile/lint, and subsystem regression gates",No file-specific defect identified during subsystem audit.,None beyond applicable subsystem gates.
sensor,release/1.0.0/LICENSE,first-party-text,sensor-release,inventory-reviewed; final subsystem gate pending,"inventory plus static analysis, compile/lint, and subsystem regression gates",No file-specific defect identified during subsystem audit.,None beyond applicable subsystem gates.
sensor,release/1.0.0/RELEASE_NOTES.md,documentation,sensor-release,inventory-reviewed; final subsystem gate pending,"inventory plus instruction, link, safety, and provenance review",No file-specific defect identified during subsystem audit.,None beyond applicable subsystem gates.
sensor,release/1.0.0/SHA256SUMS,first-party-text,sensor-release,inventory-reviewed; final subsystem gate pending,"inventory plus static analysis, compile/lint, and subsystem regression gates",No file-specific defect identified during subsystem audit.,None beyond applicable subsystem gates.
sensor,release/1.0.0/boot_app0.bin,release-artifact,sensor-release,inventory-reviewed; final subsystem gate pending,"inventory plus SHA-256, metadata, layout, and provenance verification",No file-specific defect identified during subsystem audit.,None beyond applicable subsystem gates.
sensor,release/1.0.0/bootloader.bin,release-artifact,sensor-release,inventory-reviewed; final subsystem gate pending,"inventory plus SHA-256, metadata, layout, and provenance verification",No file-specific defect identified during subsystem audit.,None beyond applicable subsystem gates.
sensor,release/1.0.0/build-provenance.json,first-party-text,sensor-release,inventory-reviewed; final subsystem gate pending,"inventory plus static analysis, compile/lint, and subsystem regression gates",No file-specific defect identified during subsystem audit.,None beyond applicable subsystem gates.
sensor,release/1.0.0/dependencies.json,first-party-text,sensor-release,inventory-reviewed; final subsystem gate pending,"inventory plus static analysis, compile/lint, and subsystem regression gates",No file-specific defect identified during subsystem audit.,None beyond applicable subsystem gates.
sensor,release/1.0.0/firmware.bin,release-artifact,sensor-release,inventory-reviewed; final subsystem gate pending,"inventory plus SHA-256, metadata, layout, and provenance verification",No file-specific defect identified during subsystem audit.,None beyond applicable subsystem gates.
sensor,release/1.0.0/firmware.elf,release-artifact,sensor-release,inventory-reviewed; final subsystem gate pending,"inventory plus SHA-256, metadata, layout, and provenance verification",No file-specific defect identified during subsystem audit.,None beyond applicable subsystem gates.
sensor,release/1.0.0/firmware.map,release-artifact,sensor-release,inventory-reviewed; final subsystem gate pending,"inventory plus SHA-256, metadata, layout, and provenance verification",No file-specific defect identified during subsystem audit.,None beyond applicable subsystem gates.
sensor,release/1.0.0/flash-layout.json,first-party-text,sensor-release,inventory-reviewed; final subsystem gate pending,"inventory plus static analysis, compile/lint, and subsystem regression gates",No file-specific defect identified during subsystem audit.,None beyond applicable subsystem gates.
sensor,release/1.0.0/manifest.unsigned.json,first-party-text,sensor-release,inventory-reviewed; final subsystem gate pending,"inventory plus static analysis, compile/lint, and subsystem regression gates",No file-specific defect identified during subsystem audit.,None beyond applicable subsystem gates.
sensor,release/1.0.0/ota.bin,release-artifact,sensor-release,inventory-reviewed; final subsystem gate pending,"inventory plus SHA-256, metadata, layout, and provenance verification",No file-specific defect identified during subsystem audit.,None beyond applicable subsystem gates.
sensor,release/1.0.0/partitions.bin,release-artifact,sensor-release,inventory-reviewed; final subsystem gate pending,"inventory plus SHA-256, metadata, layout, and provenance verification",No file-specific defect identified during subsystem audit.,None beyond applicable subsystem gates.
sensor,release/1.0.0/size-margin.json,first-party-text,sensor-release,inventory-reviewed; final subsystem gate pending,"inventory plus static analysis, compile/lint, and subsystem regression gates",No file-specific defect identified during subsystem audit.,None beyond applicable subsystem gates.
sensor,release/1.0.1/LICENSE,first-party-text,sensor-release,inventory-reviewed; final subsystem gate pending,"inventory plus static analysis, compile/lint, and subsystem regression gates",No file-specific defect identified during subsystem audit.,None beyond applicable subsystem gates.
sensor,release/1.0.1/RELEASE_NOTES.md,documentation,sensor-release,inventory-reviewed; final subsystem gate pending,"inventory plus instruction, link, safety, and provenance review",No file-specific defect identified during subsystem audit.,None beyond applicable subsystem gates.
sensor,release/1.0.1/SHA256SUMS,first-party-text,sensor-release,inventory-reviewed; final subsystem gate pending,"inventory plus static analysis, compile/lint, and subsystem regression gates",No file-specific defect identified during subsystem audit.,None beyond applicable subsystem gates.
sensor,release/1.0.1/boot_app0.bin,release-artifact,sensor-release,inventory-reviewed; final subsystem gate pending,"inventory plus SHA-256, metadata, layout, and provenance verification",No file-specific defect identified during subsystem audit.,None beyond applicable subsystem gates.
sensor,release/1.0.1/bootloader.bin,release-artifact,sensor-release,inventory-reviewed; final subsystem gate pending,"inventory plus SHA-256, metadata, layout, and provenance verification",No file-specific defect identified during subsystem audit.,None beyond applicable subsystem gates.
sensor,release/1.0.1/build-provenance.json,first-party-text,sensor-release,inventory-reviewed; final subsystem gate pending,"inventory plus static analysis, compile/lint, and subsystem regression gates",No file-specific defect identified during subsystem audit.,None beyond applicable subsystem gates.
sensor,release/1.0.1/dependencies.json,first-party-text,sensor-release,inventory-reviewed; final subsystem gate pending,"inventory plus static analysis, compile/lint, and subsystem regression gates",No file-specific defect identified during subsystem audit.,None beyond applicable subsystem gates.
sensor,release/1.0.1/firmware.bin,release-artifact,sensor-release,inventory-reviewed; final subsystem gate pending,"inventory plus SHA-256, metadata, layout, and provenance verification",No file-specific defect identified during subsystem audit.,None beyond applicable subsystem gates.
sensor,release/1.0.1/firmware.elf,release-artifact,sensor-release,inventory-reviewed; final subsystem gate pending,"inventory plus SHA-256, metadata, layout, and provenance verification",No file-specific defect identified during subsystem audit.,None beyond applicable subsystem gates.
sensor,release/1.0.1/firmware.map,release-artifact,sensor-release,inventory-reviewed; final subsystem gate pending,"inventory plus SHA-256, metadata, layout, and provenance verification",No file-specific defect identified during subsystem audit.,None beyond applicable subsystem gates.
sensor,release/1.0.1/flash-layout.json,first-party-text,sensor-release,inventory-reviewed; final subsystem gate pending,"inventory plus static analysis, compile/lint, and subsystem regression gates",No file-specific defect identified during subsystem audit.,None beyond applicable subsystem gates.
sensor,release/1.0.1/manifest.unsigned.json,first-party-text,sensor-release,inventory-reviewed; final subsystem gate pending,"inventory plus static analysis, compile/lint, and subsystem regression gates",No file-specific defect identified during subsystem audit.,None beyond applicable subsystem gates.
sensor,release/1.0.1/ota.bin,release-artifact,sensor-release,inventory-reviewed; final subsystem gate pending,"inventory plus SHA-256, metadata, layout, and provenance verification",No file-specific defect identified during subsystem audit.,None beyond applicable subsystem gates.
sensor,release/1.0.1/partitions.bin,release-artifact,sensor-release,inventory-reviewed; final subsystem gate pending,"inventory plus SHA-256, metadata, layout, and provenance verification",No file-specific defect identified during subsystem audit.,None beyond applicable subsystem gates.
sensor,release/1.0.1/size-margin.json,first-party-text,sensor-release,inventory-reviewed; final subsystem gate pending,"inventory plus static analysis, compile/lint, and subsystem regression gates",No file-specific defect identified during subsystem audit.,None beyond applicable subsystem gates.
sensor,release/1.0.10/LICENSE,first-party-text,sensor-release,inventory-reviewed; final subsystem gate pending,"inventory plus static analysis, compile/lint, and subsystem regression gates",No file-specific defect identified during subsystem audit.,None beyond applicable subsystem gates.
sensor,release/1.0.10/RELEASE_NOTES.md,documentation,sensor-release,inventory-reviewed; final subsystem gate pending,"inventory plus instruction, link, safety, and provenance review",No file-specific defect identified during subsystem audit.,None beyond applicable subsystem gates.
sensor,release/1.0.10/SHA256SUMS,first-party-text,sensor-release,inventory-reviewed; final subsystem gate pending,"inventory plus static analysis, compile/lint, and subsystem regression gates",No file-specific defect identified during subsystem audit.,None beyond applicable subsystem gates.
sensor,release/1.0.10/boot_app0.bin,release-artifact,sensor-release,inventory-reviewed; final subsystem gate pending,"inventory plus SHA-256, metadata, layout, and provenance verification",No file-specific defect identified during subsystem audit.,None beyond applicable subsystem gates.
sensor,release/1.0.10/bootloader.bin,release-artifact,sensor-release,inventory-reviewed; final subsystem gate pending,"inventory plus SHA-256, metadata, layout, and provenance verification",No file-specific defect identified during subsystem audit.,None beyond applicable subsystem gates.
sensor,release/1.0.10/build-provenance.json,first-party-text,sensor-release,inventory-reviewed; final subsystem gate pending,"inventory plus static analysis, compile/lint, and subsystem regression gates",No file-specific defect identified during subsystem audit.,None beyond applicable subsystem gates.
sensor,release/1.0.10/dependencies.json,first-party-text,sensor-release,inventory-reviewed; final subsystem gate pending,"inventory plus static analysis, compile/lint, and subsystem regression gates",No file-specific defect identified during subsystem audit.,None beyond applicable subsystem gates.
sensor,release/1.0.10/firmware.bin,release-artifact,sensor-release,inventory-reviewed; final subsystem gate pending,"inventory plus SHA-256, metadata, layout, and provenance verification",No file-specific defect identified during subsystem audit.,None beyond applicable subsystem gates.
sensor,release/1.0.10/firmware.elf,release-artifact,sensor-release,inventory-reviewed; final subsystem gate pending,"inventory plus SHA-256, metadata, layout, and provenance verification",No file-specific defect identified during subsystem audit.,None beyond applicable subsystem gates.
sensor,release/1.0.10/firmware.map,release-artifact,sensor-release,inventory-reviewed; final subsystem gate pending,"inventory plus SHA-256, metadata, layout, and provenance verification",No file-specific defect identified during subsystem audit.,None beyond applicable subsystem gates.
sensor,release/1.0.10/flash-layout.json,first-party-text,sensor-release,inventory-reviewed; final subsystem gate pending,"inventory plus static analysis, compile/lint, and subsystem regression gates",No file-specific defect identified during subsystem audit.,None beyond applicable subsystem gates.
sensor,release/1.0.10/manifest.unsigned.json,first-party-text,sensor-release,inventory-reviewed; final subsystem gate pending,"inventory plus static analysis, compile/lint, and subsystem regression gates",No file-specific defect identified during subsystem audit.,None beyond applicable subsystem gates.
sensor,release/1.0.10/ota.bin,release-artifact,sensor-release,inventory-reviewed; final subsystem gate pending,"inventory plus SHA-256, metadata, layout, and provenance verification",No file-specific defect identified during subsystem audit.,None beyond applicable subsystem gates.
sensor,release/1.0.10/partitions.bin,release-artifact,sensor-release,inventory-reviewed; final subsystem gate pending,"inventory plus SHA-256, metadata, layout, and provenance verification",No file-specific defect identified during subsystem audit.,None beyond applicable subsystem gates.
sensor,release/1.0.10/size-margin.json,first-party-text,sensor-release,inventory-reviewed; final subsystem gate pending,"inventory plus static analysis, compile/lint, and subsystem regression gates",No file-specific defect identified during subsystem audit.,None beyond applicable subsystem gates.
sensor,release/1.0.11/LICENSE,first-party-text,sensor-release,inventory-reviewed; final subsystem gate pending,"inventory plus static analysis, compile/lint, and subsystem regression gates",No file-specific defect identified during subsystem audit.,None beyond applicable subsystem gates.
sensor,release/1.0.11/RELEASE_NOTES.md,documentation,sensor-release,inventory-reviewed; final subsystem gate pending,"inventory plus instruction, link, safety, and provenance review",No file-specific defect identified during subsystem audit.,None beyond applicable subsystem gates.
sensor,release/1.0.11/SHA256SUMS,first-party-text,sensor-release,inventory-reviewed; final subsystem gate pending,"inventory plus static analysis, compile/lint, and subsystem regression gates",No file-specific defect identified during subsystem audit.,None beyond applicable subsystem gates.
sensor,release/1.0.11/boot_app0.bin,release-artifact,sensor-release,inventory-reviewed; final subsystem gate pending,"inventory plus SHA-256, metadata, layout, and provenance verification",No file-specific defect identified during subsystem audit.,None beyond applicable subsystem gates.
sensor,release/1.0.11/bootloader.bin,release-artifact,sensor-release,inventory-reviewed; final subsystem gate pending,"inventory plus SHA-256, metadata, layout, and provenance verification",No file-specific defect identified during subsystem audit.,None beyond applicable subsystem gates.
sensor,release/1.0.11/build-provenance.json,first-party-text,sensor-release,inventory-reviewed; final subsystem gate pending,"inventory plus static analysis, compile/lint, and subsystem regression gates",No file-specific defect identified during subsystem audit.,None beyond applicable subsystem gates.
sensor,release/1.0.11/dependencies.json,first-party-text,sensor-release,inventory-reviewed; final subsystem gate pending,"inventory plus static analysis, compile/lint, and subsystem regression gates",No file-specific defect identified during subsystem audit.,None beyond applicable subsystem gates.
sensor,release/1.0.11/firmware-metadata.json,first-party-text,sensor-release,inventory-reviewed; final subsystem gate pending,"inventory plus static analysis, compile/lint, and subsystem regression gates",No file-specific defect identified during subsystem audit.,None beyond applicable subsystem gates.
sensor,release/1.0.11/firmware.bin,release-artifact,sensor-release,inventory-reviewed; final subsystem gate pending,"inventory plus SHA-256, metadata, layout, and provenance verification",No file-specific defect identified during subsystem audit.,None beyond applicable subsystem gates.
sensor,release/1.0.11/firmware.elf,release-artifact,sensor-release,inventory-reviewed; final subsystem gate pending,"inventory plus SHA-256, metadata, layout, and provenance verification",No file-specific defect identified during subsystem audit.,None beyond applicable subsystem gates.
sensor,release/1.0.11/firmware.map,release-artifact,sensor-release,inventory-reviewed; final subsystem gate pending,"inventory plus SHA-256, metadata, layout, and provenance verification",No file-specific defect identified during subsystem audit.,None beyond applicable subsystem gates.
sensor,release/1.0.11/flash-layout.json,first-party-text,sensor-release,inventory-reviewed; final subsystem gate pending,"inventory plus static analysis, compile/lint, and subsystem regression gates",No file-specific defect identified during subsystem audit.,None beyond applicable subsystem gates.
sensor,release/1.0.11/partitions.bin,release-artifact,sensor-release,inventory-reviewed; final subsystem gate pending,"inventory plus SHA-256, metadata, layout, and provenance verification",No file-specific defect identified during subsystem audit.,None beyond applicable subsystem gates.
sensor,release/1.0.11/size-margin.json,first-party-text,sensor-release,inventory-reviewed; final subsystem gate pending,"inventory plus static analysis, compile/lint, and subsystem regression gates",No file-specific defect identified during subsystem audit.,None beyond applicable subsystem gates.
sensor,release/1.0.12/LICENSE,first-party-text,sensor-release,inventory-reviewed; final subsystem gate pending,"inventory plus static analysis, compile/lint, and subsystem regression gates",No file-specific defect identified during subsystem audit.,None beyond applicable subsystem gates.
sensor,release/1.0.12/RELEASE_NOTES.md,documentation,sensor-release,inventory-reviewed; final subsystem gate pending,"inventory plus instruction, link, safety, and provenance review",No file-specific defect identified during subsystem audit.,None beyond applicable subsystem gates.
sensor,release/1.0.12/SHA256SUMS,first-party-text,sensor-release,inventory-reviewed; final subsystem gate pending,"inventory plus static analysis, compile/lint, and subsystem regression gates",No file-specific defect identified during subsystem audit.,None beyond applicable subsystem gates.
sensor,release/1.0.12/boot_app0.bin,release-artifact,sensor-release,inventory-reviewed; final subsystem gate pending,"inventory plus SHA-256, metadata, layout, and provenance verification",No file-specific defect identified during subsystem audit.,None beyond applicable subsystem gates.
sensor,release/1.0.12/bootloader.bin,release-artifact,sensor-release,inventory-reviewed; final subsystem gate pending,"inventory plus SHA-256, metadata, layout, and provenance verification",No file-specific defect identified during subsystem audit.,None beyond applicable subsystem gates.
sensor,release/1.0.12/build-provenance.json,first-party-text,sensor-release,inventory-reviewed; final subsystem gate pending,"inventory plus static analysis, compile/lint, and subsystem regression gates",No file-specific defect identified during subsystem audit.,None beyond applicable subsystem gates.
sensor,release/1.0.12/dependencies.json,first-party-text,sensor-release,inventory-reviewed; final subsystem gate pending,"inventory plus static analysis, compile/lint, and subsystem regression gates",No file-specific defect identified during subsystem audit.,None beyond applicable subsystem gates.
sensor,release/1.0.12/firmware-metadata.json,first-party-text,sensor-release,inventory-reviewed; final subsystem gate pending,"inventory plus static analysis, compile/lint, and subsystem regression gates",No file-specific defect identified during subsystem audit.,None beyond applicable subsystem gates.
sensor,release/1.0.12/firmware.bin,release-artifact,sensor-release,inventory-reviewed; final subsystem gate pending,"inventory plus SHA-256, metadata, layout, and provenance verification",No file-specific defect identified during subsystem audit.,None beyond applicable subsystem gates.
sensor,release/1.0.12/firmware.elf,release-artifact,sensor-release,inventory-reviewed; final subsystem gate pending,"inventory plus SHA-256, metadata, layout, and provenance verification",No file-specific defect identified during subsystem audit.,None beyond applicable subsystem gates.
sensor,release/1.0.12/firmware.map,release-artifact,sensor-release,inventory-reviewed; final subsystem gate pending,"inventory plus SHA-256, metadata, layout, and provenance verification",No file-specific defect identified during subsystem audit.,None beyond applicable subsystem gates.
sensor,release/1.0.12/flash-layout.json,first-party-text,sensor-release,inventory-reviewed; final subsystem gate pending,"inventory plus static analysis, compile/lint, and subsystem regression gates",No file-specific defect identified during subsystem audit.,None beyond applicable subsystem gates.
sensor,release/1.0.12/partitions.bin,release-artifact,sensor-release,inventory-reviewed; final subsystem gate pending,"inventory plus SHA-256, metadata, layout, and provenance verification",No file-specific defect identified during subsystem audit.,None beyond applicable subsystem gates.
sensor,release/1.0.12/size-margin.json,first-party-text,sensor-release,inventory-reviewed; final subsystem gate pending,"inventory plus static analysis, compile/lint, and subsystem regression gates",No file-specific defect identified during subsystem audit.,None beyond applicable subsystem gates.
sensor,release/1.0.13/LICENSE,first-party-text,sensor-release,inventory-reviewed; final subsystem gate pending,"inventory plus static analysis, compile/lint, and subsystem regression gates",No file-specific defect identified during subsystem audit.,None beyond applicable subsystem gates.
sensor,release/1.0.13/RELEASE_NOTES.md,documentation,sensor-release,inventory-reviewed; final subsystem gate pending,"inventory plus instruction, link, safety, and provenance review",No file-specific defect identified during subsystem audit.,None beyond applicable subsystem gates.
sensor,release/1.0.13/SHA256SUMS,first-party-text,sensor-release,inventory-reviewed; final subsystem gate pending,"inventory plus static analysis, compile/lint, and subsystem regression gates",No file-specific defect identified during subsystem audit.,None beyond applicable subsystem gates.
sensor,release/1.0.13/boot_app0.bin,release-artifact,sensor-release,inventory-reviewed; final subsystem gate pending,"inventory plus SHA-256, metadata, layout, and provenance verification",No file-specific defect identified during subsystem audit.,None beyond applicable subsystem gates.
sensor,release/1.0.13/bootloader.bin,release-artifact,sensor-release,inventory-reviewed; final subsystem gate pending,"inventory plus SHA-256, metadata, layout, and provenance verification",No file-specific defect identified during subsystem audit.,None beyond applicable subsystem gates.
sensor,release/1.0.13/build-provenance.json,first-party-text,sensor-release,inventory-reviewed; final subsystem gate pending,"inventory plus static analysis, compile/lint, and subsystem regression gates",No file-specific defect identified during subsystem audit.,None beyond applicable subsystem gates.
sensor,release/1.0.13/dependencies.json,first-party-text,sensor-release,inventory-reviewed; final subsystem gate pending,"inventory plus static analysis, compile/lint, and subsystem regression gates",No file-specific defect identified during subsystem audit.,None beyond applicable subsystem gates.
sensor,release/1.0.13/firmware-metadata.json,first-party-text,sensor-release,inventory-reviewed; final subsystem gate pending,"inventory plus static analysis, compile/lint, and subsystem regression gates",No file-specific defect identified during subsystem audit.,None beyond applicable subsystem gates.
sensor,release/1.0.13/firmware.bin,release-artifact,sensor-release,inventory-reviewed; final subsystem gate pending,"inventory plus SHA-256, metadata, layout, and provenance verification",No file-specific defect identified during subsystem audit.,None beyond applicable subsystem gates.
sensor,release/1.0.13/firmware.elf,release-artifact,sensor-release,inventory-reviewed; final subsystem gate pending,"inventory plus SHA-256, metadata, layout, and provenance verification",No file-specific defect identified during subsystem audit.,None beyond applicable subsystem gates.
sensor,release/1.0.13/firmware.map,release-artifact,sensor-release,inventory-reviewed; final subsystem gate pending,"inventory plus SHA-256, metadata, layout, and provenance verification",No file-specific defect identified during subsystem audit.,None beyond applicable subsystem gates.
sensor,release/1.0.13/flash-layout.json,first-party-text,sensor-release,inventory-reviewed; final subsystem gate pending,"inventory plus static analysis, compile/lint, and subsystem regression gates",No file-specific defect identified during subsystem audit.,None beyond applicable subsystem gates.
sensor,release/1.0.13/partitions.bin,release-artifact,sensor-release,inventory-reviewed; final subsystem gate pending,"inventory plus SHA-256, metadata, layout, and provenance verification",No file-specific defect identified during subsystem audit.,None beyond applicable subsystem gates.
sensor,release/1.0.13/size-margin.json,first-party-text,sensor-release,inventory-reviewed; final subsystem gate pending,"inventory plus static analysis, compile/lint, and subsystem regression gates",No file-specific defect identified during subsystem audit.,None beyond applicable subsystem gates.
sensor,release/1.0.14/LICENSE,first-party-text,sensor-release,inventory-reviewed; final subsystem gate pending,"inventory plus static analysis, compile/lint, and subsystem regression gates",No file-specific defect identified during subsystem audit.,None beyond applicable subsystem gates.
sensor,release/1.0.14/RELEASE_NOTES.md,documentation,sensor-release,inventory-reviewed; final subsystem gate pending,"inventory plus instruction, link, safety, and provenance review",No file-specific defect identified during subsystem audit.,None beyond applicable subsystem gates.
sensor,release/1.0.14/SHA256SUMS,first-party-text,sensor-release,inventory-reviewed; final subsystem gate pending,"inventory plus static analysis, compile/lint, and subsystem regression gates",No file-specific defect identified during subsystem audit.,None beyond applicable subsystem gates.
sensor,release/1.0.14/boot_app0.bin,release-artifact,sensor-release,inventory-reviewed; final subsystem gate pending,"inventory plus SHA-256, metadata, layout, and provenance verification",No file-specific defect identified during subsystem audit.,None beyond applicable subsystem gates.
sensor,release/1.0.14/bootloader.bin,release-artifact,sensor-release,inventory-reviewed; final subsystem gate pending,"inventory plus SHA-256, metadata, layout, and provenance verification",No file-specific defect identified during subsystem audit.,None beyond applicable subsystem gates.
sensor,release/1.0.14/build-provenance.json,first-party-text,sensor-release,inventory-reviewed; final subsystem gate pending,"inventory plus static analysis, compile/lint, and subsystem regression gates",No file-specific defect identified during subsystem audit.,None beyond applicable subsystem gates.
sensor,release/1.0.14/dependencies.json,first-party-text,sensor-release,inventory-reviewed; final subsystem gate pending,"inventory plus static analysis, compile/lint, and subsystem regression gates",No file-specific defect identified during subsystem audit.,None beyond applicable subsystem gates.
sensor,release/1.0.14/firmware-metadata.json,first-party-text,sensor-release,inventory-reviewed; final subsystem gate pending,"inventory plus static analysis, compile/lint, and subsystem regression gates",No file-specific defect identified during subsystem audit.,None beyond applicable subsystem gates.
sensor,release/1.0.14/firmware.bin,release-artifact,sensor-release,inventory-reviewed; final subsystem gate pending,"inventory plus SHA-256, metadata, layout, and provenance verification",No file-specific defect identified during subsystem audit.,None beyond applicable subsystem gates.
sensor,release/1.0.14/firmware.elf,release-artifact,sensor-release,inventory-reviewed; final subsystem gate pending,"inventory plus SHA-256, metadata, layout, and provenance verification",No file-specific defect identified during subsystem audit.,None beyond applicable subsystem gates.
sensor,release/1.0.14/firmware.map,release-artifact,sensor-release,inventory-reviewed; final subsystem gate pending,"inventory plus SHA-256, metadata, layout, and provenance verification",No file-specific defect identified during subsystem audit.,None beyond applicable subsystem gates.
sensor,release/1.0.14/flash-layout.json,first-party-text,sensor-release,inventory-reviewed; final subsystem gate pending,"inventory plus static analysis, compile/lint, and subsystem regression gates",No file-specific defect identified during subsystem audit.,None beyond applicable subsystem gates.
sensor,release/1.0.14/partitions.bin,release-artifact,sensor-release,inventory-reviewed; final subsystem gate pending,"inventory plus SHA-256, metadata, layout, and provenance verification",No file-specific defect identified during subsystem audit.,None beyond applicable subsystem gates.
sensor,release/1.0.14/size-margin.json,first-party-text,sensor-release,inventory-reviewed; final subsystem gate pending,"inventory plus static analysis, compile/lint, and subsystem regression gates",No file-specific defect identified during subsystem audit.,None beyond applicable subsystem gates.
sensor,release/1.0.15/LICENSE,first-party-text,sensor-release,inventory-reviewed; final subsystem gate pending,"inventory plus static analysis, compile/lint, and subsystem regression gates",No file-specific defect identified during subsystem audit.,None beyond applicable subsystem gates.
sensor,release/1.0.15/RELEASE_NOTES.md,documentation,sensor-release,inventory-reviewed; final subsystem gate pending,"inventory plus instruction, link, safety, and provenance review",No file-specific defect identified during subsystem audit.,None beyond applicable subsystem gates.
sensor,release/1.0.15/SHA256SUMS,first-party-text,sensor-release,inventory-reviewed; final subsystem gate pending,"inventory plus static analysis, compile/lint, and subsystem regression gates",No file-specific defect identified during subsystem audit.,None beyond applicable subsystem gates.
sensor,release/1.0.15/boot_app0.bin,release-artifact,sensor-release,inventory-reviewed; final subsystem gate pending,"inventory plus SHA-256, metadata, layout, and provenance verification",No file-specific defect identified during subsystem audit.,None beyond applicable subsystem gates.
sensor,release/1.0.15/bootloader.bin,release-artifact,sensor-release,inventory-reviewed; final subsystem gate pending,"inventory plus SHA-256, metadata, layout, and provenance verification",No file-specific defect identified during subsystem audit.,None beyond applicable subsystem gates.
sensor,release/1.0.15/build-provenance.json,first-party-text,sensor-release,inventory-reviewed; final subsystem gate pending,"inventory plus static analysis, compile/lint, and subsystem regression gates",No file-specific defect identified during subsystem audit.,None beyond applicable subsystem gates.
sensor,release/1.0.15/dependencies.json,first-party-text,sensor-release,inventory-reviewed; final subsystem gate pending,"inventory plus static analysis, compile/lint, and subsystem regression gates",No file-specific defect identified during subsystem audit.,None beyond applicable subsystem gates.
sensor,release/1.0.15/firmware-metadata.json,first-party-text,sensor-release,inventory-reviewed; final subsystem gate pending,"inventory plus static analysis, compile/lint, and subsystem regression gates",No file-specific defect identified during subsystem audit.,None beyond applicable subsystem gates.
sensor,release/1.0.15/firmware.bin,release-artifact,sensor-release,inventory-reviewed; final subsystem gate pending,"inventory plus SHA-256, metadata, layout, and provenance verification",No file-specific defect identified during subsystem audit.,None beyond applicable subsystem gates.
sensor,release/1.0.15/firmware.elf,release-artifact,sensor-release,inventory-reviewed; final subsystem gate pending,"inventory plus SHA-256, metadata, layout, and provenance verification",No file-specific defect identified during subsystem audit.,None beyond applicable subsystem gates.
sensor,release/1.0.15/firmware.map,release-artifact,sensor-release,inventory-reviewed; final subsystem gate pending,"inventory plus SHA-256, metadata, layout, and provenance verification",No file-specific defect identified during subsystem audit.,None beyond applicable subsystem gates.
sensor,release/1.0.15/flash-layout.json,first-party-text,sensor-release,inventory-reviewed; final subsystem gate pending,"inventory plus static analysis, compile/lint, and subsystem regression gates",No file-specific defect identified during subsystem audit.,None beyond applicable subsystem gates.
sensor,release/1.0.15/partitions.bin,release-artifact,sensor-release,inventory-reviewed; final subsystem gate pending,"inventory plus SHA-256, metadata, layout, and provenance verification",No file-specific defect identified during subsystem audit.,None beyond applicable subsystem gates.
sensor,release/1.0.15/size-margin.json,first-party-text,sensor-release,inventory-reviewed; final subsystem gate pending,"inventory plus static analysis, compile/lint, and subsystem regression gates",No file-specific defect identified during subsystem audit.,None beyond applicable subsystem gates.
sensor,release/1.0.5/LICENSE,first-party-text,sensor-release,inventory-reviewed; final subsystem gate pending,"inventory plus static analysis, compile/lint, and subsystem regression gates",No file-specific defect identified during subsystem audit.,None beyond applicable subsystem gates.
sensor,release/1.0.5/RELEASE_NOTES.md,documentation,sensor-release,inventory-reviewed; final subsystem gate pending,"inventory plus instruction, link, safety, and provenance review",No file-specific defect identified during subsystem audit.,None beyond applicable subsystem gates.
sensor,release/1.0.5/SHA256SUMS,first-party-text,sensor-release,inventory-reviewed; final subsystem gate pending,"inventory plus static analysis, compile/lint, and subsystem regression gates",No file-specific defect identified during subsystem audit.,None beyond applicable subsystem gates.
sensor,release/1.0.5/boot_app0.bin,release-artifact,sensor-release,inventory-reviewed; final subsystem gate pending,"inventory plus SHA-256, metadata, layout, and provenance verification",No file-specific defect identified during subsystem audit.,None beyond applicable subsystem gates.
sensor,release/1.0.5/bootloader.bin,release-artifact,sensor-release,inventory-reviewed; final subsystem gate pending,"inventory plus SHA-256, metadata, layout, and provenance verification",No file-specific defect identified during subsystem audit.,None beyond applicable subsystem gates.
sensor,release/1.0.5/build-provenance.json,first-party-text,sensor-release,inventory-reviewed; final subsystem gate pending,"inventory plus static analysis, compile/lint, and subsystem regression gates",No file-specific defect identified during subsystem audit.,None beyond applicable subsystem gates.
sensor,release/1.0.5/dependencies.json,first-party-text,sensor-release,inventory-reviewed; final subsystem gate pending,"inventory plus static analysis, compile/lint, and subsystem regression gates",No file-specific defect identified during subsystem audit.,None beyond applicable subsystem gates.
sensor,release/1.0.5/firmware.bin,release-artifact,sensor-release,inventory-reviewed; final subsystem gate pending,"inventory plus SHA-256, metadata, layout, and provenance verification",No file-specific defect identified during subsystem audit.,None beyond applicable subsystem gates.
sensor,release/1.0.5/firmware.elf,release-artifact,sensor-release,inventory-reviewed; final subsystem gate pending,"inventory plus SHA-256, metadata, layout, and provenance verification",No file-specific defect identified during subsystem audit.,None beyond applicable subsystem gates.
sensor,release/1.0.5/firmware.map,release-artifact,sensor-release,inventory-reviewed; final subsystem gate pending,"inventory plus SHA-256, metadata, layout, and provenance verification",No file-specific defect identified during subsystem audit.,None beyond applicable subsystem gates.
sensor,release/1.0.5/flash-layout.json,first-party-text,sensor-release,inventory-reviewed; final subsystem gate pending,"inventory plus static analysis, compile/lint, and subsystem regression gates",No file-specific defect identified during subsystem audit.,None beyond applicable subsystem gates.
sensor,release/1.0.5/manifest.unsigned.json,first-party-text,sensor-release,inventory-reviewed; final subsystem gate pending,"inventory plus static analysis, compile/lint, and subsystem regression gates",No file-specific defect identified during subsystem audit.,None beyond applicable subsystem gates.
sensor,release/1.0.5/ota.bin,release-artifact,sensor-release,inventory-reviewed; final subsystem gate pending,"inventory plus SHA-256, metadata, layout, and provenance verification",No file-specific defect identified during subsystem audit.,None beyond applicable subsystem gates.
sensor,release/1.0.5/partitions.bin,release-artifact,sensor-release,inventory-reviewed; final subsystem gate pending,"inventory plus SHA-256, metadata, layout, and provenance verification",No file-specific defect identified during subsystem audit.,None beyond applicable subsystem gates.
sensor,release/1.0.5/size-margin.json,first-party-text,sensor-release,inventory-reviewed; final subsystem gate pending,"inventory plus static analysis, compile/lint, and subsystem regression gates",No file-specific defect identified during subsystem audit.,None beyond applicable subsystem gates.
sensor,release/1.0.6/LICENSE,first-party-text,sensor-release,inventory-reviewed; final subsystem gate pending,"inventory plus static analysis, compile/lint, and subsystem regression gates",No file-specific defect identified during subsystem audit.,None beyond applicable subsystem gates.
sensor,release/1.0.6/RELEASE_NOTES.md,documentation,sensor-release,inventory-reviewed; final subsystem gate pending,"inventory plus instruction, link, safety, and provenance review",No file-specific defect identified during subsystem audit.,None beyond applicable subsystem gates.
sensor,release/1.0.6/SHA256SUMS,first-party-text,sensor-release,inventory-reviewed; final subsystem gate pending,"inventory plus static analysis, compile/lint, and subsystem regression gates",No file-specific defect identified during subsystem audit.,None beyond applicable subsystem gates.
sensor,release/1.0.6/boot_app0.bin,release-artifact,sensor-release,inventory-reviewed; final subsystem gate pending,"inventory plus SHA-256, metadata, layout, and provenance verification",No file-specific defect identified during subsystem audit.,None beyond applicable subsystem gates.
sensor,release/1.0.6/bootloader.bin,release-artifact,sensor-release,inventory-reviewed; final subsystem gate pending,"inventory plus SHA-256, metadata, layout, and provenance verification",No file-specific defect identified during subsystem audit.,None beyond applicable subsystem gates.
sensor,release/1.0.6/build-provenance.json,first-party-text,sensor-release,inventory-reviewed; final subsystem gate pending,"inventory plus static analysis, compile/lint, and subsystem regression gates",No file-specific defect identified during subsystem audit.,None beyond applicable subsystem gates.
sensor,release/1.0.6/dependencies.json,first-party-text,sensor-release,inventory-reviewed; final subsystem gate pending,"inventory plus static analysis, compile/lint, and subsystem regression gates",No file-specific defect identified during subsystem audit.,None beyond applicable subsystem gates.
sensor,release/1.0.6/firmware.bin,release-artifact,sensor-release,inventory-reviewed; final subsystem gate pending,"inventory plus SHA-256, metadata, layout, and provenance verification",No file-specific defect identified during subsystem audit.,None beyond applicable subsystem gates.
sensor,release/1.0.6/firmware.elf,release-artifact,sensor-release,inventory-reviewed; final subsystem gate pending,"inventory plus SHA-256, metadata, layout, and provenance verification",No file-specific defect identified during subsystem audit.,None beyond applicable subsystem gates.
sensor,release/1.0.6/firmware.map,release-artifact,sensor-release,inventory-reviewed; final subsystem gate pending,"inventory plus SHA-256, metadata, layout, and provenance verification",No file-specific defect identified during subsystem audit.,None beyond applicable subsystem gates.
sensor,release/1.0.6/flash-layout.json,first-party-text,sensor-release,inventory-reviewed; final subsystem gate pending,"inventory plus static analysis, compile/lint, and subsystem regression gates",No file-specific defect identified during subsystem audit.,None beyond applicable subsystem gates.
sensor,release/1.0.6/manifest.unsigned.json,first-party-text,sensor-release,inventory-reviewed; final subsystem gate pending,"inventory plus static analysis, compile/lint, and subsystem regression gates",No file-specific defect identified during subsystem audit.,None beyond applicable subsystem gates.
sensor,release/1.0.6/ota.bin,release-artifact,sensor-release,inventory-reviewed; final subsystem gate pending,"inventory plus SHA-256, metadata, layout, and provenance verification",No file-specific defect identified during subsystem audit.,None beyond applicable subsystem gates.
sensor,release/1.0.6/partitions.bin,release-artifact,sensor-release,inventory-reviewed; final subsystem gate pending,"inventory plus SHA-256, metadata, layout, and provenance verification",No file-specific defect identified during subsystem audit.,None beyond applicable subsystem gates.
sensor,release/1.0.6/size-margin.json,first-party-text,sensor-release,inventory-reviewed; final subsystem gate pending,"inventory plus static analysis, compile/lint, and subsystem regression gates",No file-specific defect identified during subsystem audit.,None beyond applicable subsystem gates.
sensor,release/1.0.7/LICENSE,first-party-text,sensor-release,inventory-reviewed; final subsystem gate pending,"inventory plus static analysis, compile/lint, and subsystem regression gates",No file-specific defect identified during subsystem audit.,None beyond applicable subsystem gates.
sensor,release/1.0.7/RELEASE_NOTES.md,documentation,sensor-release,inventory-reviewed; final subsystem gate pending,"inventory plus instruction, link, safety, and provenance review",No file-specific defect identified during subsystem audit.,None beyond applicable subsystem gates.
sensor,release/1.0.7/SHA256SUMS,first-party-text,sensor-release,inventory-reviewed; final subsystem gate pending,"inventory plus static analysis, compile/lint, and subsystem regression gates",No file-specific defect identified during subsystem audit.,None beyond applicable subsystem gates.
sensor,release/1.0.7/boot_app0.bin,release-artifact,sensor-release,inventory-reviewed; final subsystem gate pending,"inventory plus SHA-256, metadata, layout, and provenance verification",No file-specific defect identified during subsystem audit.,None beyond applicable subsystem gates.
sensor,release/1.0.7/bootloader.bin,release-artifact,sensor-release,inventory-reviewed; final subsystem gate pending,"inventory plus SHA-256, metadata, layout, and provenance verification",No file-specific defect identified during subsystem audit.,None beyond applicable subsystem gates.
sensor,release/1.0.7/build-provenance.json,first-party-text,sensor-release,inventory-reviewed; final subsystem gate pending,"inventory plus static analysis, compile/lint, and subsystem regression gates",No file-specific defect identified during subsystem audit.,None beyond applicable subsystem gates.
sensor,release/1.0.7/dependencies.json,first-party-text,sensor-release,inventory-reviewed; final subsystem gate pending,"inventory plus static analysis, compile/lint, and subsystem regression gates",No file-specific defect identified during subsystem audit.,None beyond applicable subsystem gates.
sensor,release/1.0.7/firmware.bin,release-artifact,sensor-release,inventory-reviewed; final subsystem gate pending,"inventory plus SHA-256, metadata, layout, and provenance verification",No file-specific defect identified during subsystem audit.,None beyond applicable subsystem gates.
sensor,release/1.0.7/firmware.elf,release-artifact,sensor-release,inventory-reviewed; final subsystem gate pending,"inventory plus SHA-256, metadata, layout, and provenance verification",No file-specific defect identified during subsystem audit.,None beyond applicable subsystem gates.
sensor,release/1.0.7/firmware.map,release-artifact,sensor-release,inventory-reviewed; final subsystem gate pending,"inventory plus SHA-256, metadata, layout, and provenance verification",No file-specific defect identified during subsystem audit.,None beyond applicable subsystem gates.
sensor,release/1.0.7/flash-layout.json,first-party-text,sensor-release,inventory-reviewed; final subsystem gate pending,"inventory plus static analysis, compile/lint, and subsystem regression gates",No file-specific defect identified during subsystem audit.,None beyond applicable subsystem gates.
sensor,release/1.0.7/manifest.unsigned.json,first-party-text,sensor-release,inventory-reviewed; final subsystem gate pending,"inventory plus static analysis, compile/lint, and subsystem regression gates",No file-specific defect identified during subsystem audit.,None beyond applicable subsystem gates.
sensor,release/1.0.7/ota.bin,release-artifact,sensor-release,inventory-reviewed; final subsystem gate pending,"inventory plus SHA-256, metadata, layout, and provenance verification",No file-specific defect identified during subsystem audit.,None beyond applicable subsystem gates.
sensor,release/1.0.7/partitions.bin,release-artifact,sensor-release,inventory-reviewed; final subsystem gate pending,"inventory plus SHA-256, metadata, layout, and provenance verification",No file-specific defect identified during subsystem audit.,None beyond applicable subsystem gates.
sensor,release/1.0.7/size-margin.json,first-party-text,sensor-release,inventory-reviewed; final subsystem gate pending,"inventory plus static analysis, compile/lint, and subsystem regression gates",No file-specific defect identified during subsystem audit.,None beyond applicable subsystem gates.
sensor,release/1.0.8/LICENSE,first-party-text,sensor-release,inventory-reviewed; final subsystem gate pending,"inventory plus static analysis, compile/lint, and subsystem regression gates",No file-specific defect identified during subsystem audit.,None beyond applicable subsystem gates.
sensor,release/1.0.8/RELEASE_NOTES.md,documentation,sensor-release,inventory-reviewed; final subsystem gate pending,"inventory plus instruction, link, safety, and provenance review",No file-specific defect identified during subsystem audit.,None beyond applicable subsystem gates.
sensor,release/1.0.8/SHA256SUMS,first-party-text,sensor-release,inventory-reviewed; final subsystem gate pending,"inventory plus static analysis, compile/lint, and subsystem regression gates",No file-specific defect identified during subsystem audit.,None beyond applicable subsystem gates.
sensor,release/1.0.8/boot_app0.bin,release-artifact,sensor-release,inventory-reviewed; final subsystem gate pending,"inventory plus SHA-256, metadata, layout, and provenance verification",No file-specific defect identified during subsystem audit.,None beyond applicable subsystem gates.
sensor,release/1.0.8/bootloader.bin,release-artifact,sensor-release,inventory-reviewed; final subsystem gate pending,"inventory plus SHA-256, metadata, layout, and provenance verification",No file-specific defect identified during subsystem audit.,None beyond applicable subsystem gates.
sensor,release/1.0.8/build-provenance.json,first-party-text,sensor-release,inventory-reviewed; final subsystem gate pending,"inventory plus static analysis, compile/lint, and subsystem regression gates",No file-specific defect identified during subsystem audit.,None beyond applicable subsystem gates.
sensor,release/1.0.8/dependencies.json,first-party-text,sensor-release,inventory-reviewed; final subsystem gate pending,"inventory plus static analysis, compile/lint, and subsystem regression gates",No file-specific defect identified during subsystem audit.,None beyond applicable subsystem gates.
sensor,release/1.0.8/firmware.bin,release-artifact,sensor-release,inventory-reviewed; final subsystem gate pending,"inventory plus SHA-256, metadata, layout, and provenance verification",No file-specific defect identified during subsystem audit.,None beyond applicable subsystem gates.
sensor,release/1.0.8/firmware.elf,release-artifact,sensor-release,inventory-reviewed; final subsystem gate pending,"inventory plus SHA-256, metadata, layout, and provenance verification",No file-specific defect identified during subsystem audit.,None beyond applicable subsystem gates.
sensor,release/1.0.8/firmware.map,release-artifact,sensor-release,inventory-reviewed; final subsystem gate pending,"inventory plus SHA-256, metadata, layout, and provenance verification",No file-specific defect identified during subsystem audit.,None beyond applicable subsystem gates.
sensor,release/1.0.8/flash-layout.json,first-party-text,sensor-release,inventory-reviewed; final subsystem gate pending,"inventory plus static analysis, compile/lint, and subsystem regression gates",No file-specific defect identified during subsystem audit.,None beyond applicable subsystem gates.
sensor,release/1.0.8/manifest.unsigned.json,first-party-text,sensor-release,inventory-reviewed; final subsystem gate pending,"inventory plus static analysis, compile/lint, and subsystem regression gates",No file-specific defect identified during subsystem audit.,None beyond applicable subsystem gates.
sensor,release/1.0.8/ota.bin,release-artifact,sensor-release,inventory-reviewed; final subsystem gate pending,"inventory plus SHA-256, metadata, layout, and provenance verification",No file-specific defect identified during subsystem audit.,None beyond applicable subsystem gates.
sensor,release/1.0.8/partitions.bin,release-artifact,sensor-release,inventory-reviewed; final subsystem gate pending,"inventory plus SHA-256, metadata, layout, and provenance verification",No file-specific defect identified during subsystem audit.,None beyond applicable subsystem gates.
sensor,release/1.0.8/size-margin.json,first-party-text,sensor-release,inventory-reviewed; final subsystem gate pending,"inventory plus static analysis, compile/lint, and subsystem regression gates",No file-specific defect identified during subsystem audit.,None beyond applicable subsystem gates.
sensor,requirements-dev.txt,documentation,sensor-runtime,inventory-reviewed; final subsystem gate pending,"inventory plus instruction, link, safety, and provenance review",No file-specific defect identified during subsystem audit.,None beyond applicable subsystem gates.
sensor,scripts/build.ps1,first-party-text,sensor-runtime,inventory-reviewed; final subsystem gate pending,"inventory plus static analysis, compile/lint, and subsystem regression gates",No file-specific defect identified during subsystem audit.,None beyond applicable subsystem gates.
sensor,scripts/build.sh,first-party-text,sensor-runtime,inventory-reviewed; final subsystem gate pending,"inventory plus static analysis, compile/lint, and subsystem regression gates",No file-specific defect identified during subsystem audit.,None beyond applicable subsystem gates.
sensor,scripts/flash.ps1,first-party-text,sensor-runtime,inventory-reviewed; final subsystem gate pending,"inventory plus static analysis, compile/lint, and subsystem regression gates",No file-specific defect identified during subsystem audit.,None beyond applicable subsystem gates.
sensor,scripts/flash.sh,first-party-text,sensor-runtime,inventory-reviewed; final subsystem gate pending,"inventory plus static analysis, compile/lint, and subsystem regression gates",No file-specific defect identified during subsystem audit.,None beyond applicable subsystem gates.
sensor,scripts/serial-monitor.ps1,first-party-text,sensor-runtime,inventory-reviewed; final subsystem gate pending,"inventory plus static analysis, compile/lint, and subsystem regression gates",No file-specific defect identified during subsystem audit.,None beyond applicable subsystem gates.
sensor,scripts/serial-monitor.sh,first-party-text,sensor-runtime,inventory-reviewed; final subsystem gate pending,"inventory plus static analysis, compile/lint, and subsystem regression gates",No file-specific defect identified during subsystem audit.,None beyond applicable subsystem gates.
sensor,shared/auth-test-vectors/ota-manifest-v2.json,test-or-simulator,sensor-runtime,inventory-reviewed; final subsystem gate pending,"inventory plus static analysis, compile/lint, and subsystem regression gates",No file-specific defect identified during subsystem audit.,None beyond applicable subsystem gates.
sensor,shared/fixtures/auth-vectors.json,first-party-text,sensor-runtime,inventory-reviewed; final subsystem gate pending,"inventory plus static analysis, compile/lint, and subsystem regression gates",No file-specific defect identified during subsystem audit.,None beyond applicable subsystem gates.
sensor,shared/fixtures/invalid-heartbeat.json,first-party-text,sensor-runtime,inventory-reviewed; final subsystem gate pending,"inventory plus static analysis, compile/lint, and subsystem regression gates",No file-specific defect identified during subsystem audit.,None beyond applicable subsystem gates.
sensor,shared/fixtures/invalid-ota-manifest.json,first-party-text,sensor-runtime,inventory-reviewed; final subsystem gate pending,"inventory plus static analysis, compile/lint, and subsystem regression gates",No file-specific defect identified during subsystem audit.,None beyond applicable subsystem gates.
sensor,shared/fixtures/invalid-reading.json,first-party-text,sensor-runtime,inventory-reviewed; final subsystem gate pending,"inventory plus static analysis, compile/lint, and subsystem regression gates",No file-specific defect identified during subsystem audit.,None beyond applicable subsystem gates.
sensor,shared/fixtures/pagination.json,first-party-text,sensor-runtime,inventory-reviewed; final subsystem gate pending,"inventory plus static analysis, compile/lint, and subsystem regression gates",No file-specific defect identified during subsystem audit.,None beyond applicable subsystem gates.
sensor,shared/fixtures/protocol-negotiation.json,first-party-text,sensor-runtime,inventory-reviewed; final subsystem gate pending,"inventory plus static analysis, compile/lint, and subsystem regression gates",No file-specific defect identified during subsystem audit.,None beyond applicable subsystem gates.
sensor,shared/fixtures/valid-heartbeat.json,first-party-text,sensor-runtime,inventory-reviewed; final subsystem gate pending,"inventory plus static analysis, compile/lint, and subsystem regression gates",No file-specific defect identified during subsystem audit.,None beyond applicable subsystem gates.
sensor,shared/fixtures/valid-ota-manifest.json,first-party-text,sensor-runtime,inventory-reviewed; final subsystem gate pending,"inventory plus static analysis, compile/lint, and subsystem regression gates",No file-specific defect identified during subsystem audit.,None beyond applicable subsystem gates.
sensor,shared/fixtures/valid-reading.json,first-party-text,sensor-runtime,inventory-reviewed; final subsystem gate pending,"inventory plus static analysis, compile/lint, and subsystem regression gates",No file-specific defect identified during subsystem audit.,None beyond applicable subsystem gates.
sensor,shared/openapi/device-api.yaml,first-party-text,sensor-runtime,inventory-reviewed; final subsystem gate pending,"inventory plus static analysis, compile/lint, and subsystem regression gates",No file-specific defect identified during subsystem audit.,None beyond applicable subsystem gates.
sensor,shared/openapi/server-ingest-api.yaml,first-party-text,sensor-runtime,inventory-reviewed; final subsystem gate pending,"inventory plus static analysis, compile/lint, and subsystem regression gates",No file-specific defect identified during subsystem audit.,None beyond applicable subsystem gates.
sensor,shared/protocol-version.txt,documentation,sensor-runtime,inventory-reviewed; final subsystem gate pending,"inventory plus instruction, link, safety, and provenance review",No file-specific defect identified during subsystem audit.,None beyond applicable subsystem gates.
sensor,shared/schemas/config.schema.json,first-party-text,sensor-runtime,inventory-reviewed; final subsystem gate pending,"inventory plus static analysis, compile/lint, and subsystem regression gates",No file-specific defect identified during subsystem audit.,None beyond applicable subsystem gates.
sensor,shared/schemas/heartbeat.schema.json,first-party-text,sensor-runtime,inventory-reviewed; final subsystem gate pending,"inventory plus static analysis, compile/lint, and subsystem regression gates",No file-specific defect identified during subsystem audit.,None beyond applicable subsystem gates.
sensor,shared/schemas/ota-manifest.schema.json,first-party-text,sensor-runtime,inventory-reviewed; final subsystem gate pending,"inventory plus static analysis, compile/lint, and subsystem regression gates",No file-specific defect identified during subsystem audit.,None beyond applicable subsystem gates.
sensor,shared/schemas/problem.schema.json,first-party-text,sensor-runtime,inventory-reviewed; final subsystem gate pending,"inventory plus static analysis, compile/lint, and subsystem regression gates",No file-specific defect identified during subsystem audit.,None beyond applicable subsystem gates.
sensor,shared/schemas/reading.schema.json,first-party-text,sensor-runtime,inventory-reviewed; final subsystem gate pending,"inventory plus static analysis, compile/lint, and subsystem regression gates",No file-specific defect identified during subsystem audit.,None beyond applicable subsystem gates.
sensor,simulator/README.md,documentation,sensor-runtime,inventory-reviewed; final subsystem gate pending,"inventory plus instruction, link, safety, and provenance review",No file-specific defect identified during subsystem audit.,None beyond applicable subsystem gates.
sensor,simulator/__init__.py,test-or-simulator,sensor-runtime,inventory-reviewed; final subsystem gate pending,"inventory plus static analysis, compile/lint, and subsystem regression gates",No file-specific defect identified during subsystem audit.,None beyond applicable subsystem gates.
sensor,simulator/protocol.py,test-or-simulator,sensor-runtime,inventory-reviewed; final subsystem gate pending,"inventory plus static analysis, compile/lint, and subsystem regression gates",No file-specific defect identified during subsystem audit.,None beyond applicable subsystem gates.
sensor,simulator/scenarios/faults.json,test-or-simulator,sensor-runtime,inventory-reviewed; final subsystem gate pending,"inventory plus static analysis, compile/lint, and subsystem regression gates",No file-specific defect identified during subsystem audit.,None beyond applicable subsystem gates.
sensor,simulator/scenarios/nominal.json,test-or-simulator,sensor-runtime,inventory-reviewed; final subsystem gate pending,"inventory plus static analysis, compile/lint, and subsystem regression gates",No file-specific defect identified during subsystem audit.,None beyond applicable subsystem gates.
sensor,simulator/scenarios/outage-backfill.json,test-or-simulator,sensor-runtime,inventory-reviewed; final subsystem gate pending,"inventory plus static analysis, compile/lint, and subsystem regression gates",No file-specific defect identified during subsystem audit.,None beyond applicable subsystem gates.
sensor,simulator/server.py,test-or-simulator,sensor-runtime,inventory-reviewed; final subsystem gate pending,"inventory plus static analysis, compile/lint, and subsystem regression gates",No file-specific defect identified during subsystem audit.,None beyond applicable subsystem gates.
sensor,src/api/CompactUiStatus.cpp,first-party-text,sensor-local-web,inventory-reviewed; final subsystem gate pending,"inventory plus static analysis, compile/lint, and subsystem regression gates",No file-specific defect identified during subsystem audit.,None beyond applicable subsystem gates.
sensor,src/api/HttpApi.cpp,first-party-text,sensor-local-web,inventory-reviewed; final subsystem gate pending,"inventory plus static analysis, compile/lint, and subsystem regression gates",Local health exposed a hysteretic cached TLS-ready value rather than the current heap snapshot.,Calculate readiness from the exact current total/largest-block/integrity sample.
sensor,src/api/HttpApi.h,first-party-text,sensor-local-web,inventory-reviewed; final subsystem gate pending,"inventory plus static analysis, compile/lint, and subsystem regression gates",No file-specific defect identified during subsystem audit.,None beyond applicable subsystem gates.
sensor,src/app/Application.cpp,first-party-text,sensor-runtime,inventory-reviewed; final subsystem gate pending,"inventory plus static analysis, compile/lint, and subsystem regression gates",No file-specific defect identified during subsystem audit.,None beyond applicable subsystem gates.
sensor,src/app/Application.h,first-party-text,sensor-runtime,inventory-reviewed; final subsystem gate pending,"inventory plus static analysis, compile/lint, and subsystem regression gates",No file-specific defect identified during subsystem audit.,None beyond applicable subsystem gates.
sensor,src/app/Maintenance.h,first-party-text,sensor-runtime,inventory-reviewed; final subsystem gate pending,"inventory plus static analysis, compile/lint, and subsystem regression gates",No file-specific defect identified during subsystem audit.,None beyond applicable subsystem gates.
sensor,src/config/AtomicConfigStore.cpp,first-party-text,sensor-configuration,inventory-reviewed; final subsystem gate pending,"inventory plus static analysis, compile/lint, and subsystem regression gates",No file-specific defect identified during subsystem audit.,None beyond applicable subsystem gates.
sensor,src/config/AtomicConfigStore.h,first-party-text,sensor-configuration,inventory-reviewed; final subsystem gate pending,"inventory plus static analysis, compile/lint, and subsystem regression gates",No file-specific defect identified during subsystem audit.,None beyond applicable subsystem gates.
sensor,src/config/ConfigRecovery.h,first-party-text,sensor-configuration,inventory-reviewed; final subsystem gate pending,"inventory plus static analysis, compile/lint, and subsystem regression gates",No file-specific defect identified during subsystem audit.,None beyond applicable subsystem gates.
sensor,src/config/ConfigService.cpp,first-party-text,sensor-configuration,inventory-reviewed; final subsystem gate pending,"inventory plus static analysis, compile/lint, and subsystem regression gates",No file-specific defect identified during subsystem audit.,None beyond applicable subsystem gates.
sensor,src/config/ConfigService.h,first-party-text,sensor-configuration,inventory-reviewed; final subsystem gate pending,"inventory plus static analysis, compile/lint, and subsystem regression gates",No file-specific defect identified during subsystem audit.,None beyond applicable subsystem gates.
sensor,src/config/ConfigValidationHelpers.cpp,first-party-text,sensor-configuration,inventory-reviewed; final subsystem gate pending,"inventory plus static analysis, compile/lint, and subsystem regression gates",No file-specific defect identified during subsystem audit.,None beyond applicable subsystem gates.
sensor,src/config/ConfigValidationHelpers.h,first-party-text,sensor-configuration,inventory-reviewed; final subsystem gate pending,"inventory plus static analysis, compile/lint, and subsystem regression gates",No file-specific defect identified during subsystem audit.,None beyond applicable subsystem gates.
sensor,src/config/ProvisioningTransaction.cpp,first-party-text,sensor-configuration,inventory-reviewed; final subsystem gate pending,"inventory plus static analysis, compile/lint, and subsystem regression gates",No file-specific defect identified during subsystem audit.,None beyond applicable subsystem gates.
sensor,src/core/Algorithms.cpp,first-party-text,sensor-runtime,inventory-reviewed; final subsystem gate pending,"inventory plus static analysis, compile/lint, and subsystem regression gates",No file-specific defect identified during subsystem audit.,None beyond applicable subsystem gates.
sensor,src/core/Algorithms.h,first-party-text,sensor-runtime,inventory-reviewed; final subsystem gate pending,"inventory plus static analysis, compile/lint, and subsystem regression gates",No file-specific defect identified during subsystem audit.,None beyond applicable subsystem gates.
sensor,src/core/HeapTelemetry.cpp,first-party-text,sensor-runtime,inventory-reviewed; final subsystem gate pending,"inventory plus static analysis, compile/lint, and subsystem regression gates",No file-specific defect identified during subsystem audit.,None beyond applicable subsystem gates.
sensor,src/core/Models.cpp,first-party-text,sensor-runtime,inventory-reviewed; final subsystem gate pending,"inventory plus static analysis, compile/lint, and subsystem regression gates",No file-specific defect identified during subsystem audit.,None beyond applicable subsystem gates.
sensor,src/core/Models.h,first-party-text,sensor-runtime,inventory-reviewed; final subsystem gate pending,"inventory plus static analysis, compile/lint, and subsystem regression gates",No file-specific defect identified during subsystem audit.,None beyond applicable subsystem gates.
sensor,src/diagnostics/DiagnosticCore.cpp,first-party-text,sensor-runtime,inventory-reviewed; final subsystem gate pending,"inventory plus static analysis, compile/lint, and subsystem regression gates",No file-specific defect identified during subsystem audit.,None beyond applicable subsystem gates.
sensor,src/diagnostics/DiagnosticCore.h,first-party-text,sensor-runtime,inventory-reviewed; final subsystem gate pending,"inventory plus static analysis, compile/lint, and subsystem regression gates",No file-specific defect identified during subsystem audit.,None beyond applicable subsystem gates.
sensor,src/diagnostics/Diagnostics.cpp,first-party-text,sensor-runtime,inventory-reviewed; final subsystem gate pending,"inventory plus static analysis, compile/lint, and subsystem regression gates",No file-specific defect identified during subsystem audit.,None beyond applicable subsystem gates.
sensor,src/diagnostics/Diagnostics.h,first-party-text,sensor-runtime,inventory-reviewed; final subsystem gate pending,"inventory plus static analysis, compile/lint, and subsystem regression gates",No file-specific defect identified during subsystem audit.,None beyond applicable subsystem gates.
sensor,src/diagnostics/SerialLogger.cpp,first-party-text,sensor-runtime,inventory-reviewed; final subsystem gate pending,"inventory plus static analysis, compile/lint, and subsystem regression gates",No file-specific defect identified during subsystem audit.,None beyond applicable subsystem gates.
sensor,src/diagnostics/SerialLogger.h,first-party-text,sensor-runtime,inventory-reviewed; final subsystem gate pending,"inventory plus static analysis, compile/lint, and subsystem regression gates",No file-specific defect identified during subsystem audit.,None beyond applicable subsystem gates.
sensor,src/main.cpp,first-party-text,sensor-runtime,inventory-reviewed; final subsystem gate pending,"inventory plus static analysis, compile/lint, and subsystem regression gates",No file-specific defect identified during subsystem audit.,None beyond applicable subsystem gates.
sensor,src/meter/IMeter.h,first-party-text,sensor-runtime,inventory-reviewed; final subsystem gate pending,"inventory plus static analysis, compile/lint, and subsystem regression gates",No file-specific defect identified during subsystem audit.,None beyond applicable subsystem gates.
sensor,src/meter/PzemMeter.cpp,first-party-text,sensor-runtime,inventory-reviewed; final subsystem gate pending,"inventory plus static analysis, compile/lint, and subsystem regression gates",No file-specific defect identified during subsystem audit.,None beyond applicable subsystem gates.
sensor,src/meter/PzemMeter.h,first-party-text,sensor-runtime,inventory-reviewed; final subsystem gate pending,"inventory plus static analysis, compile/lint, and subsystem regression gates",No file-specific defect identified during subsystem audit.,None beyond applicable subsystem gates.
sensor,src/meter/PzemProtocol.cpp,first-party-text,sensor-runtime,inventory-reviewed; final subsystem gate pending,"inventory plus static analysis, compile/lint, and subsystem regression gates",No file-specific defect identified during subsystem audit.,None beyond applicable subsystem gates.
sensor,src/meter/PzemProtocol.h,first-party-text,sensor-runtime,inventory-reviewed; final subsystem gate pending,"inventory plus static analysis, compile/lint, and subsystem regression gates",No file-specific defect identified during subsystem audit.,None beyond applicable subsystem gates.
sensor,src/meter/SimulatedMeter.cpp,first-party-text,sensor-runtime,inventory-reviewed; final subsystem gate pending,"inventory plus static analysis, compile/lint, and subsystem regression gates",No file-specific defect identified during subsystem audit.,None beyond applicable subsystem gates.
sensor,src/meter/SimulatedMeter.h,first-party-text,sensor-runtime,inventory-reviewed; final subsystem gate pending,"inventory plus static analysis, compile/lint, and subsystem regression gates",No file-specific defect identified during subsystem audit.,None beyond applicable subsystem gates.
sensor,src/native_test_runner.cpp,test-or-simulator,sensor-runtime,inventory-reviewed; final subsystem gate pending,"inventory plus static analysis, compile/lint, and subsystem regression gates",No file-specific defect identified during subsystem audit.,None beyond applicable subsystem gates.
sensor,src/network/ClockPolicy.h,first-party-text,sensor-network-sync,inventory-reviewed; final subsystem gate pending,"inventory plus static analysis, compile/lint, and subsystem regression gates",No file-specific defect identified during subsystem audit.,None beyond applicable subsystem gates.
sensor,src/network/ClockService.cpp,first-party-text,sensor-network-sync,inventory-reviewed; final subsystem gate pending,"inventory plus static analysis, compile/lint, and subsystem regression gates",No file-specific defect identified during subsystem audit.,None beyond applicable subsystem gates.
sensor,src/network/ClockService.h,first-party-text,sensor-network-sync,inventory-reviewed; final subsystem gate pending,"inventory plus static analysis, compile/lint, and subsystem regression gates",No file-specific defect identified during subsystem audit.,None beyond applicable subsystem gates.
sensor,src/network/NetworkPolicy.h,first-party-text,sensor-network-sync,inventory-reviewed; final subsystem gate pending,"inventory plus static analysis, compile/lint, and subsystem regression gates",No file-specific defect identified during subsystem audit.,None beyond applicable subsystem gates.
sensor,src/network/NetworkService.cpp,first-party-text,sensor-network-sync,inventory-reviewed; final subsystem gate pending,"inventory plus static analysis, compile/lint, and subsystem regression gates",No file-specific defect identified during subsystem audit.,None beyond applicable subsystem gates.
sensor,src/network/NetworkService.h,first-party-text,sensor-network-sync,inventory-reviewed; final subsystem gate pending,"inventory plus static analysis, compile/lint, and subsystem regression gates",No file-specific defect identified during subsystem audit.,None beyond applicable subsystem gates.
sensor,src/network/ReadingWireFormat.cpp,first-party-text,sensor-network-sync,inventory-reviewed; final subsystem gate pending,"inventory plus static analysis, compile/lint, and subsystem regression gates",No file-specific defect identified during subsystem audit.,None beyond applicable subsystem gates.
sensor,src/network/ReadingWireFormat.h,first-party-text,sensor-network-sync,inventory-reviewed; final subsystem gate pending,"inventory plus static analysis, compile/lint, and subsystem regression gates",No file-specific defect identified during subsystem audit.,None beyond applicable subsystem gates.
sensor,src/network/ResolvedTlsClient.h,first-party-text,sensor-network-sync,inventory-reviewed; final subsystem gate pending,"inventory plus static analysis, compile/lint, and subsystem regression gates",No file-specific defect identified during subsystem audit.,None beyond applicable subsystem gates.
sensor,src/network/ServerSync.cpp,first-party-text,sensor-network-sync,inventory-reviewed; final subsystem gate pending,"inventory plus static analysis, compile/lint, and subsystem regression gates",No file-specific defect identified during subsystem audit.,None beyond applicable subsystem gates.
sensor,src/network/ServerSync.h,first-party-text,sensor-network-sync,inventory-reviewed; final subsystem gate pending,"inventory plus static analysis, compile/lint, and subsystem regression gates",No file-specific defect identified during subsystem audit.,None beyond applicable subsystem gates.
sensor,src/network/ServerSyncPolicy.cpp,first-party-text,sensor-network-sync,inventory-reviewed; final subsystem gate pending,"inventory plus static analysis, compile/lint, and subsystem regression gates",No file-specific defect identified during subsystem audit.,None beyond applicable subsystem gates.
sensor,src/network/ServerSyncPolicy.h,first-party-text,sensor-network-sync,inventory-reviewed; final subsystem gate pending,"inventory plus static analysis, compile/lint, and subsystem regression gates",No file-specific defect identified during subsystem audit.,None beyond applicable subsystem gates.
sensor,src/network/ServerSyncScratch.h,first-party-text,sensor-network-sync,inventory-reviewed; final subsystem gate pending,"inventory plus static analysis, compile/lint, and subsystem regression gates",No file-specific defect identified during subsystem audit.,None beyond applicable subsystem gates.
sensor,src/ota/CompactOtaStatus.h,first-party-text,sensor-ota,inventory-reviewed; final subsystem gate pending,"inventory plus static analysis, compile/lint, and subsystem regression gates",No file-specific defect identified during subsystem audit.,None beyond applicable subsystem gates.
sensor,src/ota/OtaFaultInjection.h,first-party-text,sensor-ota,inventory-reviewed; final subsystem gate pending,"inventory plus static analysis, compile/lint, and subsystem regression gates",No file-specific defect identified during subsystem audit.,None beyond applicable subsystem gates.
sensor,src/ota/OtaManifestV2.cpp,first-party-text,sensor-ota,inventory-reviewed; final subsystem gate pending,"inventory plus static analysis, compile/lint, and subsystem regression gates",No file-specific defect identified during subsystem audit.,None beyond applicable subsystem gates.
sensor,src/ota/OtaManifestV2.h,first-party-text,sensor-ota,inventory-reviewed; final subsystem gate pending,"inventory plus static analysis, compile/lint, and subsystem regression gates",No file-specific defect identified during subsystem audit.,None beyond applicable subsystem gates.
sensor,src/ota/OtaRecoveryStore.cpp,first-party-text,sensor-ota,inventory-reviewed; final subsystem gate pending,"inventory plus static analysis, compile/lint, and subsystem regression gates",No file-specific defect identified during subsystem audit.,None beyond applicable subsystem gates.
sensor,src/ota/OtaRecoveryStore.h,first-party-text,sensor-ota,inventory-reviewed; final subsystem gate pending,"inventory plus static analysis, compile/lint, and subsystem regression gates",No file-specific defect identified during subsystem audit.,None beyond applicable subsystem gates.
sensor,src/ota/OtaService.cpp,first-party-text,sensor-ota,inventory-reviewed; final subsystem gate pending,"inventory plus static analysis, compile/lint, and subsystem regression gates","OTA durability, boot-selection verification, post-boot validation, and rollback outcomes require fail-closed evidence.","Persist and read back typed recovery state, verify the target partition, and use bounded live validation and recovery outcomes."
sensor,src/ota/OtaService.h,first-party-text,sensor-ota,inventory-reviewed; final subsystem gate pending,"inventory plus static analysis, compile/lint, and subsystem regression gates",No file-specific defect identified during subsystem audit.,None beyond applicable subsystem gates.
sensor,src/ota/OtaStageLedger.cpp,first-party-text,sensor-ota,inventory-reviewed; final subsystem gate pending,"inventory plus static analysis, compile/lint, and subsystem regression gates",No file-specific defect identified during subsystem audit.,None beyond applicable subsystem gates.
sensor,src/ota/OtaStageLedger.h,first-party-text,sensor-ota,inventory-reviewed; final subsystem gate pending,"inventory plus static analysis, compile/lint, and subsystem regression gates",No file-specific defect identified during subsystem audit.,None beyond applicable subsystem gates.
sensor,src/ota/OtaUpdatePolicy.cpp,first-party-text,sensor-ota,inventory-reviewed; final subsystem gate pending,"inventory plus static analysis, compile/lint, and subsystem regression gates",No file-specific defect identified during subsystem audit.,None beyond applicable subsystem gates.
sensor,src/ota/OtaUpdatePolicy.h,first-party-text,sensor-ota,inventory-reviewed; final subsystem gate pending,"inventory plus static analysis, compile/lint, and subsystem regression gates",No file-specific defect identified during subsystem audit.,None beyond applicable subsystem gates.
sensor,src/provisioning/ProvisioningService.cpp,first-party-text,sensor-provisioning,inventory-reviewed; final subsystem gate pending,"inventory plus static analysis, compile/lint, and subsystem regression gates",No file-specific defect identified during subsystem audit.,None beyond applicable subsystem gates.
sensor,src/provisioning/ProvisioningService.h,first-party-text,sensor-provisioning,inventory-reviewed; final subsystem gate pending,"inventory plus static analysis, compile/lint, and subsystem regression gates",No file-specific defect identified during subsystem audit.,None beyond applicable subsystem gates.
sensor,src/security/AuthService.cpp,first-party-text,sensor-security,inventory-reviewed; final subsystem gate pending,"inventory plus static analysis, compile/lint, and subsystem regression gates",No file-specific defect identified during subsystem audit.,None beyond applicable subsystem gates.
sensor,src/security/AuthService.h,first-party-text,sensor-security,inventory-reviewed; final subsystem gate pending,"inventory plus static analysis, compile/lint, and subsystem regression gates",No file-specific defect identified during subsystem audit.,None beyond applicable subsystem gates.
sensor,src/security/Crypto.cpp,first-party-text,sensor-security,inventory-reviewed; final subsystem gate pending,"inventory plus static analysis, compile/lint, and subsystem regression gates",No file-specific defect identified during subsystem audit.,None beyond applicable subsystem gates.
sensor,src/security/Crypto.h,first-party-text,sensor-security,inventory-reviewed; final subsystem gate pending,"inventory plus static analysis, compile/lint, and subsystem regression gates",No file-specific defect identified during subsystem audit.,None beyond applicable subsystem gates.
sensor,src/storage/RecordFormat.cpp,first-party-text,sensor-storage,inventory-reviewed; final subsystem gate pending,"inventory plus static analysis, compile/lint, and subsystem regression gates",No file-specific defect identified during subsystem audit.,None beyond applicable subsystem gates.
sensor,src/storage/RecordFormat.h,first-party-text,sensor-storage,inventory-reviewed; final subsystem gate pending,"inventory plus static analysis, compile/lint, and subsystem regression gates",No file-specific defect identified during subsystem audit.,None beyond applicable subsystem gates.
sensor,src/storage/SdStorage.cpp,first-party-text,sensor-storage,inventory-reviewed; final subsystem gate pending,"inventory plus static analysis, compile/lint, and subsystem regression gates",No file-specific defect identified during subsystem audit.,None beyond applicable subsystem gates.
sensor,src/storage/SdStorage.h,first-party-text,sensor-storage,inventory-reviewed; final subsystem gate pending,"inventory plus static analysis, compile/lint, and subsystem regression gates",No file-specific defect identified during subsystem audit.,None beyond applicable subsystem gates.
sensor,src/storage/StorageCoordinator.cpp,first-party-text,sensor-storage,inventory-reviewed; final subsystem gate pending,"inventory plus static analysis, compile/lint, and subsystem regression gates",No file-specific defect identified during subsystem audit.,None beyond applicable subsystem gates.
sensor,src/storage/StorageCoordinator.h,first-party-text,sensor-storage,inventory-reviewed; final subsystem gate pending,"inventory plus static analysis, compile/lint, and subsystem regression gates",No file-specific defect identified during subsystem audit.,None beyond applicable subsystem gates.
sensor,src/storage/StoragePolicy.cpp,first-party-text,sensor-storage,inventory-reviewed; final subsystem gate pending,"inventory plus static analysis, compile/lint, and subsystem regression gates",No file-specific defect identified during subsystem audit.,None beyond applicable subsystem gates.
sensor,src/storage/StoragePolicy.h,first-party-text,sensor-storage,inventory-reviewed; final subsystem gate pending,"inventory plus static analysis, compile/lint, and subsystem regression gates",No file-specific defect identified during subsystem audit.,None beyond applicable subsystem gates.
sensor,src/storage/SyncCoverage.h,first-party-text,sensor-storage,inventory-reviewed; final subsystem gate pending,"inventory plus static analysis, compile/lint, and subsystem regression gates",No file-specific defect identified during subsystem audit.,None beyond applicable subsystem gates.
sensor,src/ui/embedded_assets.h,first-party-text,sensor-runtime,inventory-reviewed; final subsystem gate pending,"inventory plus static analysis, compile/lint, and subsystem regression gates",No file-specific defect identified during subsystem audit.,None beyond applicable subsystem gates.
sensor,test/contract/__init__.py,test-or-simulator,sensor-tests,inventory-reviewed; final subsystem gate pending,"inventory plus static analysis, compile/lint, and subsystem regression gates",No file-specific defect identified during subsystem audit.,None beyond applicable subsystem gates.
sensor,test/contract/test_protocol.py,test-or-simulator,sensor-tests,inventory-reviewed; final subsystem gate pending,"inventory plus static analysis, compile/lint, and subsystem regression gates",No file-specific defect identified during subsystem audit.,None beyond applicable subsystem gates.
sensor,test/fixtures/outdoor_ac_fragmentation_incident.json,test-or-simulator,sensor-tests,inventory-reviewed; final subsystem gate pending,"inventory plus static analysis, compile/lint, and subsystem regression gates",No file-specific defect identified during subsystem audit.,None beyond applicable subsystem gates.
sensor,test/integration/__init__.py,test-or-simulator,sensor-tests,inventory-reviewed; final subsystem gate pending,"inventory plus static analysis, compile/lint, and subsystem regression gates",No file-specific defect identified during subsystem audit.,None beyond applicable subsystem gates.
sensor,test/integration/test_mock_https.py,test-or-simulator,sensor-tests,inventory-reviewed; final subsystem gate pending,"inventory plus static analysis, compile/lint, and subsystem regression gates",No file-specific defect identified during subsystem audit.,None beyond applicable subsystem gates.
sensor,test/integration/test_simulator.py,test-or-simulator,sensor-tests,inventory-reviewed; final subsystem gate pending,"inventory plus static analysis, compile/lint, and subsystem regression gates",No file-specific defect identified during subsystem audit.,None beyond applicable subsystem gates.
sensor,test/native/__init__.py,test-or-simulator,sensor-tests,inventory-reviewed; final subsystem gate pending,"inventory plus static analysis, compile/lint, and subsystem regression gates",No file-specific defect identified during subsystem audit.,None beyond applicable subsystem gates.
sensor,test/native/test_circular_storage_model.py,test-or-simulator,sensor-tests,inventory-reviewed; final subsystem gate pending,"inventory plus static analysis, compile/lint, and subsystem regression gates",No file-specific defect identified during subsystem audit.,None beyond applicable subsystem gates.
sensor,test/native/test_firmware_repository_checks.py,test-or-simulator,sensor-tests,inventory-reviewed; final subsystem gate pending,"inventory plus static analysis, compile/lint, and subsystem regression gates",No file-specific defect identified during subsystem audit.,None beyond applicable subsystem gates.
sensor,test/native/test_fragmentation_fixture.py,test-or-simulator,sensor-tests,inventory-reviewed; final subsystem gate pending,"inventory plus static analysis, compile/lint, and subsystem regression gates",No file-specific defect identified during subsystem audit.,None beyond applicable subsystem gates.
sensor,test/native/test_ota_v2.py,test-or-simulator,sensor-tests,inventory-reviewed; final subsystem gate pending,"inventory plus static analysis, compile/lint, and subsystem regression gates",No file-specific defect identified during subsystem audit.,None beyond applicable subsystem gates.
sensor,test/native/test_sequence_reconciliation.py,test-or-simulator,sensor-tests,inventory-reviewed; final subsystem gate pending,"inventory plus static analysis, compile/lint, and subsystem regression gates",No file-specific defect identified during subsystem audit.,None beyond applicable subsystem gates.
sensor,test/native/test_storage_and_ota.py,test-or-simulator,sensor-tests,inventory-reviewed; final subsystem gate pending,"inventory plus static analysis, compile/lint, and subsystem regression gates",No file-specific defect identified during subsystem audit.,None beyond applicable subsystem gates.
sensor,test/test_native_cpp/main.cpp,test-or-simulator,sensor-tests,inventory-reviewed; final subsystem gate pending,"inventory plus static analysis, compile/lint, and subsystem regression gates",No file-specific defect identified during subsystem audit.,None beyond applicable subsystem gates.
sensor,tools/build.ps1,first-party-text,sensor-tooling,inventory-reviewed; final subsystem gate pending,"inventory plus static analysis, compile/lint, and subsystem regression gates",No file-specific defect identified during subsystem audit.,None beyond applicable subsystem gates.
sensor,tools/build.sh,first-party-text,sensor-tooling,inventory-reviewed; final subsystem gate pending,"inventory plus static analysis, compile/lint, and subsystem regression gates",No file-specific defect identified during subsystem audit.,None beyond applicable subsystem gates.
sensor,tools/build_metadata.py,first-party-text,sensor-tooling,inventory-reviewed; final subsystem gate pending,"inventory plus static analysis, compile/lint, and subsystem regression gates",No file-specific defect identified during subsystem audit.,None beyond applicable subsystem gates.
sensor,tools/build_web.py,first-party-text,sensor-tooling,inventory-reviewed; final subsystem gate pending,"inventory plus static analysis, compile/lint, and subsystem regression gates",No file-specific defect identified during subsystem audit.,None beyond applicable subsystem gates.
sensor,tools/check_hot_paths.py,first-party-text,sensor-tooling,inventory-reviewed; final subsystem gate pending,"inventory plus static analysis, compile/lint, and subsystem regression gates",No file-specific defect identified during subsystem audit.,None beyond applicable subsystem gates.
sensor,tools/check_repo.py,first-party-text,sensor-tooling,inventory-reviewed; final subsystem gate pending,"inventory plus static analysis, compile/lint, and subsystem regression gates",No file-specific defect identified during subsystem audit.,None beyond applicable subsystem gates.
sensor,tools/decode_sd_logs.py,first-party-text,sensor-tooling,inventory-reviewed; final subsystem gate pending,"inventory plus static analysis, compile/lint, and subsystem regression gates",No file-specific defect identified during subsystem audit.,None beyond applicable subsystem gates.
sensor,tools/diagnostics/Analyze-SensorBundle.py,first-party-text,sensor-tooling,inventory-reviewed; final subsystem gate pending,"inventory plus static analysis, compile/lint, and subsystem regression gates",No file-specific defect identified during subsystem audit.,None beyond applicable subsystem gates.
sensor,tools/diagnostics/Capture-SensorSerial.ps1,first-party-text,sensor-tooling,inventory-reviewed; final subsystem gate pending,"inventory plus static analysis, compile/lint, and subsystem regression gates",No file-specific defect identified during subsystem audit.,None beyond applicable subsystem gates.
sensor,tools/diagnostics/Correlate-DisconnectTimeline.py,first-party-text,sensor-tooling,inventory-reviewed; final subsystem gate pending,"inventory plus static analysis, compile/lint, and subsystem regression gates",No file-specific defect identified during subsystem audit.,None beyond applicable subsystem gates.
sensor,tools/diagnostics/Monitor-ServerHeartbeats.py,first-party-text,sensor-tooling,inventory-reviewed; final subsystem gate pending,"inventory plus static analysis, compile/lint, and subsystem regression gates",No file-specific defect identified during subsystem audit.,None beyond applicable subsystem gates.
sensor,tools/diagnostics/Monitor-TwoSensors.ps1,first-party-text,sensor-tooling,inventory-reviewed; final subsystem gate pending,"inventory plus static analysis, compile/lint, and subsystem regression gates",No file-specific defect identified during subsystem audit.,None beyond applicable subsystem gates.
sensor,tools/diagnostics/Poll-SensorHealth.ps1,first-party-text,sensor-tooling,inventory-reviewed; final subsystem gate pending,"inventory plus static analysis, compile/lint, and subsystem regression gates",No file-specific defect identified during subsystem audit.,None beyond applicable subsystem gates.
sensor,tools/diagnostics/Set-SensorAdminPassword.ps1,first-party-text,sensor-tooling,inventory-reviewed; final subsystem gate pending,"inventory plus static analysis, compile/lint, and subsystem regression gates",No file-specific defect identified during subsystem audit.,None beyond applicable subsystem gates.
sensor,tools/diagnostics/Set-SensorSetupPassword.ps1,first-party-text,sensor-tooling,inventory-reviewed; final subsystem gate pending,"inventory plus static analysis, compile/lint, and subsystem regression gates",No file-specific defect identified during subsystem audit.,None beyond applicable subsystem gates.
sensor,tools/diagnostics/Test-Certificate.ps1,test-or-simulator,sensor-tooling,inventory-reviewed; final subsystem gate pending,"inventory plus static analysis, compile/lint, and subsystem regression gates",No file-specific defect identified during subsystem audit.,None beyond applicable subsystem gates.
sensor,tools/diagnostics/Test-PowerMonitorServer.ps1,test-or-simulator,sensor-tooling,inventory-reviewed; final subsystem gate pending,"inventory plus static analysis, compile/lint, and subsystem regression gates",No file-specific defect identified during subsystem audit.,None beyond applicable subsystem gates.
sensor,tools/diagnostics/Test-SensorHeartbeatSoak.ps1,test-or-simulator,sensor-tooling,inventory-reviewed; final subsystem gate pending,"inventory plus static analysis, compile/lint, and subsystem regression gates",No file-specific defect identified during subsystem audit.,None beyond applicable subsystem gates.
sensor,tools/diagnostics/Test-SensorProvisioning.ps1,test-or-simulator,sensor-tooling,inventory-reviewed; final subsystem gate pending,"inventory plus static analysis, compile/lint, and subsystem regression gates",No file-specific defect identified during subsystem audit.,None beyond applicable subsystem gates.
sensor,tools/fetch_server_ca.ps1,first-party-text,sensor-tooling,inventory-reviewed; final subsystem gate pending,"inventory plus static analysis, compile/lint, and subsystem regression gates",No file-specific defect identified during subsystem audit.,None beyond applicable subsystem gates.
sensor,tools/firmware_image.py,first-party-text,sensor-tooling,inventory-reviewed; final subsystem gate pending,"inventory plus static analysis, compile/lint, and subsystem regression gates",No file-specific defect identified during subsystem audit.,None beyond applicable subsystem gates.
sensor,tools/flash.ps1,first-party-text,sensor-tooling,inventory-reviewed; final subsystem gate pending,"inventory plus static analysis, compile/lint, and subsystem regression gates",No file-specific defect identified during subsystem audit.,None beyond applicable subsystem gates.
sensor,tools/flash.sh,first-party-text,sensor-tooling,inventory-reviewed; final subsystem gate pending,"inventory plus static analysis, compile/lint, and subsystem regression gates",No file-specific defect identified during subsystem audit.,None beyond applicable subsystem gates.
sensor,tools/generate_release.py,first-party-text,sensor-tooling,inventory-reviewed; final subsystem gate pending,"inventory plus static analysis, compile/lint, and subsystem regression gates",No file-specific defect identified during subsystem audit.,None beyond applicable subsystem gates.
sensor,tools/live_sensor_memory_probe.ps1,first-party-text,sensor-tooling,inventory-reviewed; final subsystem gate pending,"inventory plus static analysis, compile/lint, and subsystem regression gates",No file-specific defect identified during subsystem audit.,None beyond applicable subsystem gates.
sensor,tools/native_sanitizers.py,first-party-text,sensor-tooling,inventory-reviewed; final subsystem gate pending,"inventory plus static analysis, compile/lint, and subsystem regression gates",No file-specific defect identified during subsystem audit.,None beyond applicable subsystem gates.
sensor,tools/native_toolchain.py,first-party-text,sensor-tooling,inventory-reviewed; final subsystem gate pending,"inventory plus static analysis, compile/lint, and subsystem regression gates",No file-specific defect identified during subsystem audit.,None beyond applicable subsystem gates.
sensor,tools/patch_app_descriptor.py,first-party-text,sensor-tooling,inventory-reviewed; final subsystem gate pending,"inventory plus static analysis, compile/lint, and subsystem regression gates",No file-specific defect identified during subsystem audit.,None beyond applicable subsystem gates.
sensor,tools/prepare_server_ca.ps1,first-party-text,sensor-tooling,inventory-reviewed; final subsystem gate pending,"inventory plus static analysis, compile/lint, and subsystem regression gates",No file-specific defect identified during subsystem audit.,None beyond applicable subsystem gates.
sensor,tools/provision_device.py,first-party-text,sensor-tooling,inventory-reviewed; final subsystem gate pending,"inventory plus static analysis, compile/lint, and subsystem regression gates",No file-specific defect identified during subsystem audit.,None beyond applicable subsystem gates.
sensor,tools/release_integrity.py,first-party-text,sensor-tooling,inventory-reviewed; final subsystem gate pending,"inventory plus static analysis, compile/lint, and subsystem regression gates",No file-specific defect identified during subsystem audit.,None beyond applicable subsystem gates.
sensor,tools/relocate_ota_selector.py,first-party-text,sensor-tooling,inventory-reviewed; final subsystem gate pending,"inventory plus static analysis, compile/lint, and subsystem regression gates",No file-specific defect identified during subsystem audit.,None beyond applicable subsystem gates.
sensor,tools/repair_sd_index.py,first-party-text,sensor-tooling,inventory-reviewed; final subsystem gate pending,"inventory plus static analysis, compile/lint, and subsystem regression gates",No file-specific defect identified during subsystem audit.,None beyond applicable subsystem gates.
sensor,tools/report_build_memory.py,first-party-text,sensor-tooling,inventory-reviewed; final subsystem gate pending,"inventory plus static analysis, compile/lint, and subsystem regression gates",No file-specific defect identified during subsystem audit.,None beyond applicable subsystem gates.
sensor,tools/sd_format.py,first-party-text,sensor-tooling,inventory-reviewed; final subsystem gate pending,"inventory plus static analysis, compile/lint, and subsystem regression gates",No file-specific defect identified during subsystem audit.,None beyond applicable subsystem gates.
sensor,tools/serial_monitor.ps1,first-party-text,sensor-tooling,inventory-reviewed; final subsystem gate pending,"inventory plus static analysis, compile/lint, and subsystem regression gates",No file-specific defect identified during subsystem audit.,None beyond applicable subsystem gates.
sensor,tools/serial_monitor.sh,first-party-text,sensor-tooling,inventory-reviewed; final subsystem gate pending,"inventory plus static analysis, compile/lint, and subsystem regression gates",No file-specific defect identified during subsystem audit.,None beyond applicable subsystem gates.
sensor,tools/sign_firmware.py,first-party-text,sensor-tooling,inventory-reviewed; final subsystem gate pending,"inventory plus static analysis, compile/lint, and subsystem regression gates",No file-specific defect identified during subsystem audit.,None beyond applicable subsystem gates.
sensor,web/e2e/status-polling.e2e.ts,first-party-text,sensor-local-web,inventory-reviewed; final subsystem gate pending,"inventory plus static analysis, compile/lint, and subsystem regression gates",No file-specific defect identified during subsystem audit.,None beyond applicable subsystem gates.
sensor,web/index.html,first-party-text,sensor-local-web,inventory-reviewed; final subsystem gate pending,"inventory plus static analysis, compile/lint, and subsystem regression gates",No file-specific defect identified during subsystem audit.,None beyond applicable subsystem gates.
sensor,web/package-lock.json,dependency-lock,sensor-local-web,inventory-reviewed; final subsystem gate pending,inventory plus pinned dependency/build reproduction,No file-specific defect identified during subsystem audit.,None beyond applicable subsystem gates.
sensor,web/package.json,first-party-text,sensor-local-web,inventory-reviewed; final subsystem gate pending,"inventory plus static analysis, compile/lint, and subsystem regression gates",No file-specific defect identified during subsystem audit.,None beyond applicable subsystem gates.
sensor,web/playwright.config.ts,first-party-text,sensor-local-web,inventory-reviewed; final subsystem gate pending,"inventory plus static analysis, compile/lint, and subsystem regression gates",No file-specific defect identified during subsystem audit.,None beyond applicable subsystem gates.
sensor,web/src/api.ts,first-party-text,sensor-local-web,inventory-reviewed; final subsystem gate pending,"inventory plus static analysis, compile/lint, and subsystem regression gates",No file-specific defect identified during subsystem audit.,None beyond applicable subsystem gates.
sensor,web/src/main.ts,first-party-text,sensor-local-web,inventory-reviewed; final subsystem gate pending,"inventory plus static analysis, compile/lint, and subsystem regression gates",No file-specific defect identified during subsystem audit.,None beyond applicable subsystem gates.
sensor,web/src/style.css,first-party-text,sensor-local-web,inventory-reviewed; final subsystem gate pending,"inventory plus static analysis, compile/lint, and subsystem regression gates",No file-specific defect identified during subsystem audit.,None beyond applicable subsystem gates.
sensor,web/src/types.ts,first-party-text,sensor-local-web,inventory-reviewed; final subsystem gate pending,"inventory plus static analysis, compile/lint, and subsystem regression gates",No file-specific defect identified during subsystem audit.,None beyond applicable subsystem gates.
sensor,web/src/ui.ts,first-party-text,sensor-local-web,inventory-reviewed; final subsystem gate pending,"inventory plus static analysis, compile/lint, and subsystem regression gates",No file-specific defect identified during subsystem audit.,None beyond applicable subsystem gates.
sensor,web/tests/api.test.ts,test-or-simulator,sensor-local-web,inventory-reviewed; final subsystem gate pending,"inventory plus static analysis, compile/lint, and subsystem regression gates",No file-specific defect identified during subsystem audit.,None beyond applicable subsystem gates.
sensor,web/tests/setup.ts,test-or-simulator,sensor-local-web,inventory-reviewed; final subsystem gate pending,"inventory plus static analysis, compile/lint, and subsystem regression gates",No file-specific defect identified during subsystem audit.,None beyond applicable subsystem gates.
sensor,web/tests/ui.test.ts,test-or-simulator,sensor-local-web,inventory-reviewed; final subsystem gate pending,"inventory plus static analysis, compile/lint, and subsystem regression gates",No file-specific defect identified during subsystem audit.,None beyond applicable subsystem gates.
sensor,web/tsconfig.json,first-party-text,sensor-local-web,inventory-reviewed; final subsystem gate pending,"inventory plus static analysis, compile/lint, and subsystem regression gates",No file-specific defect identified during subsystem audit.,None beyond applicable subsystem gates.
sensor,web/vite.config.ts,first-party-text,sensor-local-web,inventory-reviewed; final subsystem gate pending,"inventory plus static analysis, compile/lint, and subsystem regression gates",No file-specific defect identified during subsystem audit.,None beyond applicable subsystem gates.
